title,published_date,channel,url,matched_query
इतना सस्ता? 😱 रायपुर सब्जी मंडी में मची लूट! | Raipur Wholesale Vegetable Market Rate,2026-09-16,Chhattisgarh sabji Mandi,https://www.youtube.com/watch?v=qagsA5jjAUc,raipur mandi sabji rate
16 September दिन बुधवार फुलगोभी 75 रूपये किलो बिका #ambikapur#sabji#chhattisgarh #mandi#vlog✅,2026-09-16, Ashish08 Vlog,https://www.youtube.com/watch?v=adRZGtuC_64,raipur mandi sabji rate
दुर्ग मंडी सब्जी का आज का रेट | Durg Sabji Mandi Bhav | Wholesale &amp; Retail Price Today 🌶️🧄,2026-09-16,Chhattisgarh sabji Mandi,https://www.youtube.com/watch?v=Nzl6nrzE-UM,durg mandi sabji rate
16 September Rajnandgaon sabji Mandi thok bhav #mandibhav #marketvlog#minivlog#farmer#rajnandgaon,2026-09-16,Mr. Agriman..🌱,https://www.youtube.com/watch?v=onQmBZ43llc,rajnandgaon mandi bhav
राजनांदगांव सब्जी मंडी आज का भाव ‼️[16-9-2026]#shorts #Rajnandgaon #SabjiMandiBhav #today update 🔥,2026-09-16,Chhattisgarh sabji Mandi,https://www.youtube.com/watch?v=nxBhJNQ00wo,rajnandgaon mandi bhav
16 सितंबर 2026 आज सब्जी टमाटर थोक मंडी भाव राजनांदगांव सब्जी मंडी छत्तीसगढ़। today vegetables 🍆🍆🍆🍆🍆🍆,2026-09-16,Hemant vaishnav ,https://www.youtube.com/watch?v=JKH0IDNhzQc,rajnandgaon mandi bhav
16 September आज का टमाटर भाव dhamdha mandi chhattisgarh rohansabjiwala #cg #farming #food ,2026-09-16,ROHAN SABJIWALA ,https://www.youtube.com/watch?v=AMG3PFPxieI,chhattisgarh mandi bhav today
यहां मिलेगा सब्जियों का डबल पैसा 📍दुर्ग मंडी छत्तीसगढ़ #cg #farming #viral #food .,2026-09-16,@mandi bhav-Durg,https://www.youtube.com/watch?v=-vFH500e0q0,chhattisgarh mandi bhav today
आज का ताजा भाव कवर्धा मंडी टमाटर 430 रु कैरेट // 16 सितम्बर दिन बुधवार Cg Laxmi Vlogs Kawardha mandi,2026-09-16,Cg Laxmi Vlogss,https://www.youtube.com/watch?v=yAFPXPkEk-Q,chhattisgarh mandi bhav today
आज का देशी बरबट्टी भाव छत्तीसगढ़ का gandai mandi Chhattisgarh #Rohansabjiwala #cg #farming,2026-09-16,🥇 Aaj Ka Sabji Bhav,https://www.youtube.com/watch?v=cMzToC7pWqE,chhattisgarh mandi bhav today
16 सितंबर 2026 दिन बुधवार किसानों के लिए बड़ी खबर! छत्तीसगढ़ सिलफिली सूरजपुर मंडी में आज के ताजा भाव,2026-09-16,Lav Kumar Kushwaha ,https://www.youtube.com/watch?v=TkXFpwIu_nc,chhattisgarh mandi sabji rate
आज मंडी में प्याज क्या रेट चल रहा है कवर्धा छत्तीसगढ़ #trendingshorts #shortvideo #cgreels #pyaj,2026-09-16,Cg Laxmi Vlogss,https://www.youtube.com/watch?v=Y2eP4MFAtCI,chhattisgarh mandi sabji rate
15 September दिन मंगलवार टमाटर 🍅 350 रूपये करेट बिका #ambikapur#sabji#chhattisgarh #mandi#vlog✅,2026-09-15, Ashish08 Vlog,https://www.youtube.com/watch?v=a2sTtPIxpu4,raipur mandi sabji rate
रायपुर की सबसे सस्ती थोक सब्जी मंडी! 🔥 |Mandi Tour &amp; Today Rates #raipur #Chhattisgarh#shorts #viral,2026-09-15,Chhattisgarh sabji Mandi,https://www.youtube.com/watch?v=z2lcTUvDU9I,raipur mandi sabji rate
दुर्ग मंडी सब्जी का आज का रेट | Durg Sabji Mandi|#durg #mandibhav #Chhattisgarh #sabjimandi #shorts ,2026-09-15,Chhattisgarh sabji Mandi,https://www.youtube.com/watch?v=KPZo-nfki74,durg mandi sabji rate
15 September Rajnandgaon sabji mandi thok bhav #mandibhav #marketvlog#minivlog#rajnandgaon#farmer,2026-09-15,Mr. Agriman..🌱,https://www.youtube.com/watch?v=gO-nVj5Steo,rajnandgaon mandi bhav
15 सितंबर 2026 आज सब्जी टमाटर थोक मंडी भाव राजनांदगांव सब्जी मंडी छत्तीसगढ़। rajnandgaon sabji Mandi,2026-09-15,Hemant vaishnav ,https://www.youtube.com/watch?v=wvYchKBXEeI,rajnandgaon mandi bhav
आज का राजनांदगांव सब्जी मंडी भाव | Rajnandgaon Mandi Price Today | Chhattisgarh Sabji Rate,2026-09-15,Chhattisgarh sabji Mandi,https://www.youtube.com/watch?v=BadtYXk9uFQ,rajnandgaon mandi bhav
15 September आज क्या भाव बिका है टमाटर dhamdha mandi chhattisgarh rohansabjiwala #cg #farming #food ,2026-09-15,ROHAN SABJIWALA ,https://www.youtube.com/watch?v=mMQ0c2QgTc0,chhattisgarh mandi bhav today
"15द सितम्बर 2026, यहां बिका है टमाटर महंगा, सब्जियों का मंडी भाव क्या रहा जानिए इस वीडियो में।",2026-09-15,Ganesh Sabji Vlogs ,https://www.youtube.com/watch?v=jMOKcW4PGJg,chhattisgarh mandi bhav today
ऊँच डीह सब्जी मंडी छत्तीसगढ़ से ताजा भाव जाने आज का To day Mandi bhav टमाटर आज बहुत ज्यादा आ गया था ,2026-09-15,Rajwade  farming,https://www.youtube.com/watch?v=0QdqxXGkC5I,chhattisgarh mandi bhav today
15 सितंबर 2026 दिन मंगलवार छत्तीसगढ़ सिलफिली सूरजपुर मंडी में सब्जियों का भाव कहां पहुंचा ?,2026-09-15,Lav Kumar Kushwaha ,https://www.youtube.com/watch?v=WktvsCEmtCc,chhattisgarh mandi sabji rate
15 सितंबर 2026 दिन मंगलवार सिलफिली सब्जी मंडी जिला सूरजपुर में बरबटी 25.5 रुपये किलो।#pls subscribe🙏,2026-09-15,Lav Kumar Kushwaha ,https://www.youtube.com/watch?v=jF7Lye6eR-s,chhattisgarh mandi sabji rate
रायपुर का सबसे सस्ता थोक सब्जी बाजार! 😱 | Raipur Sabji Mandi Latest Price Today | CG Vlogs,2026-09-14,Chhattisgarh sabji Mandi,https://www.youtube.com/watch?v=ajPa679qABI,raipur mandi sabji rate
14 September दिन सोमवार फुलगोभी 55 रूपये किलो बिका #ambikapur#sabji#chhattisgarh #mandi#vlog✅,2026-09-14, Ashish08 Vlog,https://www.youtube.com/watch?v=xtLy5Fe9KAY,raipur mandi sabji rate
दुर्ग मंडी सब्जी का आज का रेट |  Wholesale &amp; Retail Price Today #durg #Chhattisgarh#shorts #trending,2026-09-14,Chhattisgarh sabji Mandi,https://www.youtube.com/watch?v=5nW0bbfwyKI,durg mandi sabji rate
राजनांदगांव सब्जी मंडी 🔥आज का भाव ‼️today update #Rajnandgaon #SabjiMandi #shorts #trending #viral,2026-09-14,Chhattisgarh sabji Mandi,https://www.youtube.com/watch?v=h0_WLwERhfQ,bhilai mandi sabji rate
आज का राजनांदगांव सब्जी मंडी भाव | Rajnandgaon Mandi Price Today | #shorts #trending #viral #vlog,2026-09-14,Chhattisgarh sabji Mandi,https://www.youtube.com/watch?v=b2Tlk25jErM,rajnandgaon mandi bhav
छत्तीसगढ़ की सबसे बड़ी धान मंडी भाटापारा 🌾 #shorts,2026-09-14,Dayanidhi Painkra ,https://www.youtube.com/watch?v=WLOnNnRJwHA,chhattisgarh mandi bhav today
14 September 2026  आज क्या भाव बिका देशी और बंगलौर टमाटर Dhamdha mandi chhattisgarh me #cg #farming ,2026-09-14,ROHAN SABJIWALA ,https://www.youtube.com/watch?v=iSNYb99-ZmI,chhattisgarh mandi bhav today
"14सितम्बर 2026, टमाटर भाव में तेजी आया है जानिए आज का सब्जियों का भाव क्या रहा ‼️  ganeshsabjivlogs",2026-09-14,Ganesh Sabji Vlogs ,https://www.youtube.com/watch?v=aZfLq2O6d-U,chhattisgarh mandi bhav today
सब्जी मंडी भाव आज छत्तीसगढ़ राज्य से उच्च डीह सब्जी मंडी uchh dih sabji Mandi to day mandi bhav ,2026-09-14,Rajwade  farming,https://www.youtube.com/watch?v=7xvyHVcICt0,chhattisgarh mandi bhav today
"14 सितंबर 2026 दिन सोमवार सूरजपुर सब्जी मंडी का ताजा भाव, #आज कौन सी सब्जी बिकी सबसे महंगी ?",2026-09-14,Lav Kumar Kushwaha ,https://www.youtube.com/watch?v=5ps11bfA3Cg,chhattisgarh mandi bhav today
12 September 2026 देशी टमाटर भाव देखिए gandai mandi chhattisgarh से rohansabjiwala #cg #farming ,2026-09-14,🥇 Aaj Ka Sabji Bhav,https://www.youtube.com/watch?v=QY1FlaJKwc0,chhattisgarh mandi bhav today
आज का भाव कुम्हारी मंडी (दुर्ग छत्तीसगढ़) #sabjimandi #mandibhav #aaj ka bhav #durg #youtubevideo ,2026-09-14,Mba sabjiwala 007,https://www.youtube.com/watch?v=3Qz5dK4YxVo,chhattisgarh mandi bhav today
आज की सब्जियों के भाव 🥬 | मेरी सब्जी की दुकान का पूरा दिन | Vegetable Market Vlog,2026-09-13,Shyam Vlogger 04 ,https://www.youtube.com/watch?v=bSvGE6H2V9g,raipur mandi sabji rate
13 September दिन रविवार 🍅 400 रूपये पन्नी बिका #ambikapur#sabji#chhattisgarh #mandi#vlog✅,2026-09-13, Ashish08 Vlog,https://www.youtube.com/watch?v=iPRwrk1wWCc,raipur mandi sabji rate
आज का दुर्ग सब्जी मंडी भाव | CG Durg Mandi Rate Today [तारीख डालें],2026-09-13,Chhattisgarh sabji Mandi,https://www.youtube.com/watch?v=0K-QL-IDX_c,durg mandi sabji rate
भारी लूट ‼️राजनांदगांव सब्जी मंडी में क्या रेट है? Rajnandgaon Sabji Mandi Today update ![13-9-26],2026-09-13,Chhattisgarh sabji Mandi,https://www.youtube.com/watch?v=Y4HCU4lvua4,durg mandi sabji rate
13 September Rajnandgaon thok mandi bhav #mandibhav #marketvlog#minivlog#agriculture #rajnandgaon,2026-09-13,Mr. Agriman..🌱,https://www.youtube.com/watch?v=XOnCwIv4go4,rajnandgaon mandi bhav
13 September 2026 आज तो टमाटर और सब्जी बहुत सस्ता है dhamdha mandi chhattisgarh rohansabjiwala #cg ,2026-09-13,ROHAN SABJIWALA ,https://www.youtube.com/watch?v=s7UcoZbp2XU,chhattisgarh mandi bhav today
12 September 2026 देशी टमाटर भाव देखिए gandai mandi chhattisgarh से rohansabjiwala #cg #farming ,2026-09-12,ROHAN SABJIWALA ,https://www.youtube.com/watch?v=kUsZVeDu1Ak,chhattisgarh mandi bhav today
Gold Rate Today 16 Septmber 2026 | Aaj Ka Sone Ka Bhav | 22K 24K Gold Price Today | Silver Rate,2026-09-12,Gold update India,https://www.youtube.com/watch?v=Bqj8ZHqAhZs,chhattisgarh mandi bhav today
दुर्ग सब्जी मंडी आज का भाव | Durg Sabji Mandi Rate Today | [11-9-2026]#shorts #trending #viral #vlog,2026-09-11,Chhattisgarh sabji Mandi,https://www.youtube.com/watch?v=PP0c5jXHV-U,raipur mandi sabji rate
11 September दिन शुक्रवार करेला 35रूपये किलो बिका #ambikapur#sabji#chhattisgarh #mandi#vlog✅,2026-09-11, Ashish08 Vlog,https://www.youtube.com/watch?v=im28ohe8_M0,raipur mandi sabji rate
11 September 2026 🥦🫑सब्जियों का भाव गाजीपुर मंडी दिल्ली | today vegitables rates delhi mandi #sabji ,2026-09-11,Bharat ke bazar ,https://www.youtube.com/watch?v=EymrXSVp4EI,raipur mandi sabji rate
आज राजनांदगांव सब्जी मंडी में क्या रेट है? Rajnandgaon Sabji Mandi Daily Update 🔥🚨[11-9-2026],2026-09-11,Chhattisgarh sabji Mandi,https://www.youtube.com/watch?v=pHehT8nCkWM,durg mandi sabji rate
दुर्ग सब्जी मंडी आज का भाव | Durg Sabji Mandi Rate Today | [आज की तारीख लिखें],2026-09-11,Chhattisgarh sabji Mandi,https://www.youtube.com/watch?v=tDAhYoDySto,durg mandi sabji rate
11 September 2026 आज का टमाटर भाव देखिए करेला महंगा है dhamdha mandi chhattisgarh rohansabjiwala ,2026-09-11,ROHAN SABJIWALA ,https://www.youtube.com/watch?v=iU5yyY629Js,chhattisgarh mandi bhav today
शाजापुर मंडी प्याज भाव आज | प्याज ₹4500 तक | Shajapur Mandi Onion Rate | 11 सितंबर 2026,2026-09-11,🌾किसान मंडी भाव ⭐️,https://www.youtube.com/watch?v=jvSxPqVnTXU,chhattisgarh mandi bhav today
11  सितंबर 2026 दिन शुक्रवार सिलफिली सब्जी मंडी में बरबटी 31 रुपये किलो। #please subscribe🙏,2026-09-11,Lav Kumar Kushwaha ,https://www.youtube.com/watch?v=kYBs_9E21ok,chhattisgarh mandi sabji rate
डुमरतराई थोक सब्जी मंडी रायपुर | आज का ताज़ा सब्जी भाव [10-9-2026] | #shorts #trending #viral #vlog,2026-09-10,Chhattisgarh sabji Mandi,https://www.youtube.com/watch?v=0XmjUXj6DDM,raipur mandi sabji rate
10 September दिन गुरूवार  टामाटर 600 रूपये करेट बिका #ambikapur#sabji#chhattisgarh #mandi#vlog✅,2026-09-10, Ashish08 Vlog,https://www.youtube.com/watch?v=NEi13cEODcg,raipur mandi sabji rate
10 September 2026 टमाटर सब्जी दोनों सस्ता है आज Dhamdha mandi chhattisgarh rohansabjiwala #cg #food ,2026-09-10,ROHAN SABJIWALA ,https://www.youtube.com/watch?v=ry2KdKXiux4,raipur mandi sabji rate
दुर्ग सब्जी मंडी आज का भाव | Durg Sabji Mandi Rate Today | [10-92026],2026-09-10,Chhattisgarh sabji Mandi,https://www.youtube.com/watch?v=A_Ix5-LuoQc,durg mandi sabji rate
10 सितंबर 2026 मंडी भाव में तेजी का माहौल📍दुर्ग मंडी छत्तीसगढ़ #cg #farming #food #viral #fruit .,2026-09-10,@mandi bhav-Durg,https://www.youtube.com/watch?v=1BK3kzzYb0o,durg mandi sabji rate
10 September Rajnandgaon thok sabji mandi #mandibhav #marketvlog #minivlogs #rajnandgaon,2026-09-10,Mr. Agriman..🌱,https://www.youtube.com/watch?v=MyqDaJqfLvU,rajnandgaon mandi bhav
🥺Aaj market me aaya bhri girawat !! Rajnandgaon sabji mandi me tewhar ke karn sabji ka ret gora🥺🍅 ,2026-09-10,CG Gulli boy comedy videos,https://www.youtube.com/watch?v=dk7HRqWpZ8Y,rajnandgaon mandi bhav
रायगढ़ पटेलपली मंडी में 500 कैरेट फूल गोभी 😱🔥 | आज का सब्जी मंडी भाव | Raigarh Mandi,2026-09-10,nainmohini vlogs ,https://www.youtube.com/watch?v=vbbXwE6T8o8,chhattisgarh mandi bhav today
आलू का माहौल बदला जाने / आज का आलू का भाव / aaj ka aloo ka bhav / mandi bhav today / aalu ka rate ,2026-09-10,Real Farmer Education ,https://www.youtube.com/watch?v=L3tRb_a5Thw,chhattisgarh mandi bhav today
Gold Rate Today 16 Septmber 2026 | Aaj Ka Sone Ka Bhav | 22K 24K Gold Price Today | Silver Rate,2026-09-10,Gold update India,https://www.youtube.com/watch?v=2FexCeZJMPw,chhattisgarh mandi bhav today
डुमरतराई थोक सब्जी मंडी रायपुर | आज का ताज़ा सब्जी भाव [9-9-2026] | Dumartarai Sabji Mandi ,2026-09-09,Chhattisgarh sabji Mandi,https://www.youtube.com/watch?v=t4rX6qg2R2s,raipur mandi sabji rate
9 September दिनl बुधवार फुलगोभी 65 रूपये किलो बिका #ambikapur#sabji#chhattisgarh #mandi#vlog✅,2026-09-09, Ashish08 Vlog,https://www.youtube.com/watch?v=GueHy-NlLO8,raipur mandi sabji rate
सबसे सस्ता सब्जी मंडी 📍दुर्ग मंडी छत्तीसगढ़ #cg #farming #food #viral #chhattisgarh .,2026-09-09,@mandi bhav-Durg,https://www.youtube.com/watch?v=7ZblJLj8msg,durg mandi sabji rate
Rajnandgaon Sabji Mandi Bhav Today 🔥 आज सब्जी मंडी में क्या है रेट?,2026-09-09,Chhattisgarh sabji Mandi,https://www.youtube.com/watch?v=QgJ7SqvWDKE,rajnandgaon mandi bhav
आज सब्जी मंडी में आया भरी गिरावट।। राजनांदगांव सब्जी मंडी के रेत जानने के लिए देख vlog।।,2026-09-09,CG Gulli boy comedy videos,https://www.youtube.com/watch?v=hxw1thvdW2A,rajnandgaon mandi bhav
09 सितम्बर 2026 आज का टमाटर भाव जानिए क्या भाव बिका देशी टमाटर dhmdha mandi chhattisgarh se #cg ,2026-09-09,ROHAN SABJIWALA ,https://www.youtube.com/watch?v=g9ycEHExHUM,chhattisgarh mandi bhav today
09  सितंबर 2026 देशी टमाटर का मंडी भाव गंडई मंडी छत्तीसगढ़ Rohan sabjiwala #cg #farming #food ,2026-09-09,ROHAN SABJIWALA ,https://www.youtube.com/watch?v=md4YUBlIiUY,chhattisgarh mandi bhav today
9 सितंबर 2026 indore मंडी धनिया 12 ₹ किलो super #mandi #mandibhav,2026-09-09,mandibhavindore18,https://www.youtube.com/watch?v=KIdyy6Ph14o,chhattisgarh mandi bhav today
Gold Rate Today 16 Septmber 2026 | Aaj Ka Sone Ka Bhav | 22K 24K Gold Price Today | Silver Rate,2026-09-09,Gold update India,https://www.youtube.com/watch?v=T9XEmtSM2fE,chhattisgarh mandi bhav today
Raipur Sabji Mandi Today Rate 🔥 रायपुर मंडी का आज का ताज़ा भाव देखकर चौंक जाएंगे!,2026-09-08,Chhattisgarh sabji Mandi,https://www.youtube.com/watch?v=uX_mM6H8lRM,raipur mandi sabji rate
Raipur Sabji Mandi Today Rate 🔥 रायपुर मंडी का आज का ताज़ा भाव देखकर चौंक जाएंगे!,2026-09-08,Chhattisgarh sabji Mandi,https://www.youtube.com/watch?v=hDiPwE9_Vec,raipur mandi sabji rate
मौसम खोलते ही अंबिकापुर सब्जी मंडी का रेट देखें कौन सी सब्जी का कितना रेट रहा AgriVibes CG15 ,2026-09-08,AgriVibes Matlub,https://www.youtube.com/watch?v=EEy1AwitP4I,raipur mandi sabji rate
दुर्ग मंडी में सब्जियों के दाम गिरे या बढ़े? 🔥 Durg Sabji Mandi Daily Rate Report [8-9-2026] #shorts,2026-09-08,Chhattisgarh sabji Mandi,https://www.youtube.com/watch?v=k-C4k8QSAds,durg mandi sabji rate
छत्तीसगढ़ का टमाटर आना शुरू हो गया 📍दुर्ग मंडी छत्तीसगढ़ #cg #farming #food #viral #khetibadi #vlog ,2026-09-08,@mandi bhav-Durg,https://www.youtube.com/watch?v=yr6i3hsIyJE,durg mandi sabji rate
8 September Rajnandgaon sabji mandi bhav #mandibhav #marketvlog #minivlog#rajnandgaon#farmer,2026-09-08,Mr. Agriman..🌱,https://www.youtube.com/watch?v=nR1uV1BWvZ0,rajnandgaon mandi bhav
परी टमाटर भाव dhamdha mandi chhattisgarh rohansabjiwala #cg #farming #food,2026-09-08,ROHAN SABJIWALA ,https://www.youtube.com/watch?v=u8-9fZYq3lc,chhattisgarh mandi bhav today
आज का भाव बेरला मंडी (छत्तीसगढ़) #mandibhav #volg #marketupdate #cgmandibhav #berlamandi ,2026-09-08,Mba sabjiwala 007,https://www.youtube.com/watch?v=uzQsh7pN9WQ,chhattisgarh mandi bhav today
08 September 2026 देशी टमाटर महंगा बिका है dhamdha mandi chhattisgarh rohansabjiwala #cg #farming ,2026-09-08,ROHAN SABJIWALA ,https://www.youtube.com/watch?v=ovzgFuO-Tsw,chhattisgarh mandi sabji rate
7  सितंबर दिनl सोमवार परवल 40रूपये किलो बिका #ambikapur#sabji#chhattisgarh #mandi#vlog✅,2026-09-07, Ashish08 Vlog,https://www.youtube.com/watch?v=7VXhcAuN3Yg,raipur mandi sabji rate
किसानों की खुली किस्मत सब्जी बीका रिकॉर्ड तोड़ रेट।,2026-09-07,JHARKHANDI VLOGGER,https://www.youtube.com/watch?v=gt0gOj_9vWw,raipur mandi sabji rate
RAIPUR SABJI MANDI GOBHI KA BHAV #raipur #streetfood,2026-09-07,Raipur sabji Mandi,https://www.youtube.com/watch?v=ZCayJKQDHkQ,raipur mandi sabji rate
दुर्ग सब्जी मंडी में भारी बदलाव! 🚨 | आज का ताज़ा सब्जी भाव [7 सितंबर 2026] |#shorts #trending #viral,2026-09-07,Chhattisgarh sabji Mandi,https://www.youtube.com/watch?v=Qg7ORJMUo44,durg mandi sabji rate
07 September 2026 आज का टमाटर भाव सब्जी महंगा हो रहा है dhamdha mandi chhattisgarh rohansabjiwala ,2026-09-07,ROHAN SABJIWALA ,https://www.youtube.com/watch?v=CRZNZbSNFfo,rajnandgaon mandi bhav
राजनांदगांव मंडी का आज का ताज़ा भाव देखकर चौंक जाएंगे! 🚨 Today Vegetable Market Rate🔥📉 ⚠️,2026-09-07,Chhattisgarh sabji Mandi,https://www.youtube.com/watch?v=cSW1wik0DSk,rajnandgaon mandi bhav
🔥 6 सितंबर 2026 चिप्स सोना आलू रेट ₹10 गढ़मुक्तेश्वर सब्जी मंडी # trending shots #ytshorts #youtuber,2026-09-06,GADH MANDI 81,https://www.youtube.com/watch?v=QjrvxPZoqSQ,raipur mandi sabji rate
डुमरतराई थोक सब्जी मंडी रायपुर | आज का ताज़ा सब्जी भाव [6-9-2026] |  #shorts #trending #viral #vlog,2026-09-06,Chhattisgarh sabji Mandi,https://www.youtube.com/watch?v=_Yh49JMjeIU,raipur mandi sabji rate
दुर्ग सब्जी मंडी में भारी बदलाव! 🚨 | आज का ताज़ा सब्जी भाव [6 सितंबर 2026]|Durg Sabji Mandi #shorts ,2026-09-06,Chhattisgarh sabji Mandi,https://www.youtube.com/watch?v=zH0vZokyZOg,durg mandi sabji rate
6 September Rajnandgaon sabji Mandi bhav #mandibhav #marketvlog #minivlog #farmer,2026-09-06,Mr. Agriman..🌱,https://www.youtube.com/watch?v=eDOVlPg5Cxw,rajnandgaon mandi bhav
Rajnandgaon Sabji Mandi Bhav Today 🔥 आज सब्जी मंडी में क्या है रेट?#shorts #trending #viral #vlog,2026-09-06,Chhattisgarh sabji Mandi,https://www.youtube.com/watch?v=bnCgx7vO1so,rajnandgaon mandi bhav
06 September 2026🔥 देसी टमाटर की बंपर आवक शुरू! Gandai mandi chhattisgarh rohansabjiwala #cg #food ,2026-09-06,ROHAN SABJIWALA ,https://www.youtube.com/watch?v=gg-8Kf4qLAY,chhattisgarh mandi bhav today
अम्बिकापुर का मांदर बाज़ार | कम्पनी बाज़ार मांदर |Ambikapur mandar bazar ,2026-09-06,sumant surgujiha,https://www.youtube.com/watch?v=-GV5xzAxNE4,chhattisgarh mandi sabji rate
Raipur Sabji Mandi Today Rate 🔥 रायपुर मंडी का आज का ताज़ा भाव देखकर चौंक जाएंगे!,2026-09-05,Chhattisgarh sabji Mandi,https://www.youtube.com/watch?v=0gy2EIVzarE,raipur mandi sabji rate
5 सितंबर दिनl शनिवार फुलगोभी 45 रूपये किलो बिका #ambikapur#sabji#chhattisgarh #mandi#vlog✅,2026-09-05, Ashish08 Vlog,https://www.youtube.com/watch?v=GkhXcybhevA,raipur mandi sabji rate
रायपुर सब्जी मंडी में भारी बदलाव!😱आलू-प्याज़ और टमाटर के दामों में भारी गिरावट/उछाल |#shorts #viral ,2026-09-05,Chhattisgarh sabji Mandi,https://www.youtube.com/watch?v=KPjPy8vnoQQ,raipur mandi sabji rate
दुर्ग सब्जी मंडी Durg Sabji Mandi Saniwar 05/09/2026 Taja Bhav Mandi Update ,2026-09-05,Sureshacter25,https://www.youtube.com/watch?v=p4uXq8AFGus,durg mandi sabji rate
5 September Rajnandgaon sabji mandi thok bhav #mandibhav #marketvlog #minivlog#marketing#rajnandgaon,2026-09-05,Mr. Agriman..🌱,https://www.youtube.com/watch?v=EslHyA0nzYk,rajnandgaon mandi bhav
शाजापुर मंडी प्याज भाव आज 🧅 | प्याज का अधिकतम भाव ₹4451 | Shajapur Mandi Onion Bhav,2026-09-05,🌾किसान मंडी भाव ⭐️,https://www.youtube.com/watch?v=zEbyEV30kEU,chhattisgarh mandi bhav today
Gold Rate Today 16 Septmber 2026 | Aaj Ka Sone Ka Bhav | 22K 24K Gold Price Today | Silver Rate,2026-09-05,Gold update India,https://www.youtube.com/watch?v=DlZ6V0YmYZs,chhattisgarh mandi bhav today
4 सितंबर 2026 | आज के भाव | Dumarteri थोक सब्जी मंडी रायपुर | Wholesale Sabji Mandi Raipur,2026-09-04,Sukramsona vlogs,https://www.youtube.com/watch?v=3KkrGlMg8Zg,raipur mandi sabji rate
कवर्धा सब्जी मंडी आज का ताजा रेट टमाटर 200 से 500 रु कैरेट 4 सितम्बर दिन शुक्रवार Cg Laxmi Vlogs ,2026-09-04,Cg Laxmi Vlogss,https://www.youtube.com/watch?v=_fgH6-FLuzc,raipur mandi sabji rate
"सब्जियों का रेट ने तोड़ा रिकॉर्ड, किसानों में खुशियों का लहर।",2026-09-04,JHARKHANDI VLOGGER,https://www.youtube.com/watch?v=T7sz_DgDKXs,raipur mandi sabji rate
4 सितंबर दिन ￼शुक्रवार हरी सब्ज़ियो का ताजा रेट जानिये #ambikapur#sabji#chhattisgarh #mandi#vlog✅,2026-09-04, Ashish08 Vlog,https://www.youtube.com/watch?v=MYCz_fpc6q4,raipur mandi sabji rate
04 सितंबर 2026 यहां मिलता है सस्ता सब्जियां📍दुर्ग मंडी छत्तीसगढ़।#cg #farming #viral #food #kheti .,2026-09-04,@mandi bhav-Durg,https://www.youtube.com/watch?v=SDlwEDuT4ac,durg mandi sabji rate
Rajnandgaon Sabji Mandi Bhav Today🔥आज सब्जी मंडी में क्या है रेट? [4-9-2026]#shorts #trending #viral,2026-09-04,Chhattisgarh sabji Mandi,https://www.youtube.com/watch?v=Ixlzt6-Vxb0,rajnandgaon mandi bhav
4 September Rajnandgaon sabji mandi thok bhav #mandibhav #marketvlog #agriculture#minivlog,2026-09-04,Mr. Agriman..🌱,https://www.youtube.com/watch?v=uHCESXaBArE,rajnandgaon mandi bhav
कृष्णा जन्माष्टमी के दिन अंबिकापुर सब्जी मंडी में बहुत अच्छा रेट रहा सभी सब्जियों का AgriVibes CG15 ,2026-09-04,AgriVibes Matlub,https://www.youtube.com/watch?v=P6faDp1zu9k,chhattisgarh mandi sabji rate
barbatti 20 रूपये किलो बिका अंबिकापुर में 😱✅#sabji #mandi #ambikapur #chhattisgarh #shorts #viral,2026-09-04, Ashish08 Vlog,https://www.youtube.com/watch?v=SHvGyJk2RXc,chhattisgarh mandi sabji rate
3 सितंबर दिन गुरूवार हरी सब्ज़ियो का ताजा रेट जानिये #ambikapur#sabji#chhattisgarh #mandi#vlog✅,2026-09-03, Ashish08 Vlog,https://www.youtube.com/watch?v=6fRQxrZ_IJs,raipur mandi sabji rate
धमाका रेट! टमाटर और हरी मिर्च के दामों में आई बड़ी गिरावट | Raipur Sabji Mandi Chhattisgarh💥#shorts,2026-09-03,Chhattisgarh sabji Mandi,https://www.youtube.com/watch?v=JFZYDduK9ok,raipur mandi sabji rate
दुर्ग सब्जी मंडी भाव आज का | Durg Sabji Mandi Bhav Today Update [3-9-2026]🥦🍅#shorts #trending #viral,2026-09-03,Chhattisgarh sabji Mandi,https://www.youtube.com/watch?v=5hH0tG0dDQQ,durg mandi sabji rate
राजनांदगांव मंडी में सब्जियों के दामों में भारी बदलाव! 🚨 | आज का सब्जी मंडी भाव,2026-09-03,Chhattisgarh sabji Mandi,https://www.youtube.com/watch?v=n6qVrj9enNw,rajnandgaon mandi bhav
"Aaj Chandi Ka Bhav,  Aaj Ke Chandi Ke Rate | Silver Rate Today, Silver Price Today ",2026-09-03,Free me Jano,https://www.youtube.com/watch?v=QQd5xIYmDjE,chhattisgarh mandi bhav today
शाजापुर मंडी प्याज भाव आज | प्याज ₹4500 तक | Shajapur Mandi Onion Rate Today,2026-09-03,🌾किसान मंडी भाव ⭐️,https://www.youtube.com/watch?v=qx3SiSyfmPk,chhattisgarh mandi bhav today
आज का प्याज भाव 🧅 Today Onion Price | onion rate today | 3 sep 2026 |  Delhi keshopur mandi #pyaj,2026-09-03,Delhi Fresh Market,https://www.youtube.com/watch?v=nDaHFiY5hMo,chhattisgarh mandi bhav today
03 September 2026 आज टमाटर सस्ता है dhamdha mandi chhattisgarh rohansabjiwala #cg #farming #food ,2026-09-03,ROHAN SABJIWALA ,https://www.youtube.com/watch?v=vOz2TgDzyHo,chhattisgarh mandi sabji rate
आज का गंडई मंडी सब्जी भाव | सभी सब्जियों के ताजा रेट | Gandai Mandi Rate Today,2026-09-03,🥇 Aaj Ka Sabji Bhav,https://www.youtube.com/watch?v=P6oagXn4Blc,chhattisgarh mandi sabji rate
3 सितंबर #2026 #दिन गुरुवार सिलफिली सब्जी मंडी जिला सूरजपुर छत्तीसगढ़ में बरबटी 8 रुपये किलो ।,2026-09-03,Lav Kumar Kushwaha ,https://www.youtube.com/watch?v=A2mTmbCkR3Y,chhattisgarh mandi sabji rate
02 सितंबर 2026 आज क्या भाव बिका टमाटर जानिए पूरी मंडी भाव 📍दुर्ग मंडी छत्तीसगढ़।#cg #farming #viral ,2026-09-02,@mandi bhav-Durg,https://www.youtube.com/watch?v=GABOlE-Hm9A,durg mandi sabji rate
Gold Rate Today 16 Septmber 2026 | Aaj Ka Sone Ka Bhav | 22K 24K Gold Price Today | Silver Rate,2026-09-02,Gold update India,https://www.youtube.com/watch?v=9tVGqT1GI-s,chhattisgarh mandi bhav today
02 September 2026 आज क्या भाव बिका टमाटर जानिए आज का मंडी भाव dhamdha mandi chhattisgarh #cg #food ,2026-09-02,ROHAN SABJIWALA ,https://www.youtube.com/watch?v=dNJmbCSza9k,chhattisgarh mandi sabji rate
"2सितंबर 2026,छ.ग.के किसानों का लोकल मिर्ची टमाटर आवक बढ़ने लगा, क्या भाव रहा थोक सब्जी मंडी में।",2026-09-02,Pawan sabji vlog,https://www.youtube.com/watch?v=lrnDWPTYQYc,chhattisgarh mandi sabji rate
1 सितंबर2026 दिन मंगलवार अंबिकापुर सिलफिली थोक सब्जी मंडी में#आज सभी ताजा सब्जियों का रेट भाव देखिए ,2026-09-01,Lav Kumar Kushwaha ,https://www.youtube.com/watch?v=-nmfFpQL17I,raipur mandi sabji rate
01 सितंबर 2026 आज सबसे ज्यादा महंगा हुआ टमाटर 📍Durg mandi Chhattisgarh.#cg #farming #viral #food ,2026-09-01,@mandi bhav-Durg,https://www.youtube.com/watch?v=oDxMX0yOV0Q,durg mandi sabji rate
1 सितंबर 2026 सब्जियों का बाजार मंदा 😱 | भोपाल करोंद मंडी में आज के सब्जी भाव 🥦🌶️🥒🫑🍆| कृषि विचार,2026-09-01,कृषि  विचार,https://www.youtube.com/watch?v=O9J8mORGIp4,bhilai mandi sabji rate
1 September Rajnandgaon Mandi bhav #mandibhav#minivlog#marketvlog#rajnandgaon,2026-09-01,Mr. Agriman..🌱,https://www.youtube.com/watch?v=iK-RjBbDFIw,rajnandgaon mandi bhav
"राजनांदगांव सब्जी मंडी भाव | आलू, प्याज, टमाटर का ताजा रेट | Rajnandgaon News Today फुल गोभी#shorts",2026-09-01,Chhattisgarh sabji Mandi,https://www.youtube.com/watch?v=Stk7K2kRbgM,rajnandgaon mandi bhav
01September 2026 टमाटर महंगा हो रहा है सब्जी मे भी तेजी है dhamdha mandi chhattisgarh rohansabjiwala,2026-09-01,ROHAN SABJIWALA ,https://www.youtube.com/watch?v=xv8vzsJ82Nc,chhattisgarh mandi sabji rate
1 सितंबर फुलगोभी 50 रूपये किलो बिक रहा है 😱#ambikapur#sabji#chhattisgarh #mandi#vlogs#surajpur ,2026-09-01, Ashish08 Vlog,https://www.youtube.com/watch?v=HfhXULA6Eps,chhattisgarh mandi sabji rate
रायपुर की सबसे बड़ी! होलसेल सब्जी मंडी का आज का भाव Raipur Market Sabji Rate [31-8-26]#shorts #vlog ,2026-08-31,Chhattisgarh sabji Mandi,https://www.youtube.com/watch?v=AEhfgcMQcvI,raipur mandi sabji rate
31 August परवल 40 रूपये किलो बिक रहा है 😱#ambikapur#sabji #chhattisgarh #mandi #vlogs ,2026-08-31, Ashish08 Vlog,https://www.youtube.com/watch?v=u_tOtUczIXY,raipur mandi sabji rate
&quot;दुर्ग मंडी में आज टमाटर-प्याज के भाव में भारी गिरावट/उछाल!#shorts #trending #viral,2026-08-31,Chhattisgarh sabji Mandi,https://www.youtube.com/watch?v=l1yo-qeO-34,durg mandi sabji rate
आज का भाव कुम्हारी मण्डी (दुर्ग छत्तीसगढ़)#kumharimandi #maeketupdate #newupdate #dailyvlog ,2026-08-31,Mba sabjiwala 007,https://www.youtube.com/watch?v=55_xu_b0Lo8,durg mandi sabji rate
राजनांदगांव मंडी में सब्जियों के दामों में भारी बदलाव! 🚨 | आज का सब्जी मंडी#shorts #trending #viral ,2026-08-31,Chhattisgarh sabji Mandi,https://www.youtube.com/watch?v=UvnVA29bwzQ,rajnandgaon mandi bhav
31 August 2026 दिल्ली सभी फलों के होलसेल भाव  today fruits market price APMC delhi fruit market,2026-08-31,Delhi Fruit Market,https://www.youtube.com/watch?v=3VZx955iJww,chhattisgarh mandi bhav today
🚨 रायपुर मंडी में मची भारी खलबली! आज का ताजा भाव देखकर उड़ जाएंगे होश | Raipur Sabji Mandi #shorts😱🔥,2026-08-30,Chhattisgarh sabji Mandi,https://www.youtube.com/watch?v=-Fg1RI9u3fM,raipur mandi sabji rate
दुर्ग मंडी में आज टमाटर-प्याज के भाव में भारी गिरावट/उछाल!🔥&quot;30-8-2026 #shorts #trending #viral #vlog,2026-08-30,Chhattisgarh sabji Mandi,https://www.youtube.com/watch?v=agtXm3cdlWA,durg mandi sabji rate
दुर्ग मंडी में आज टमाटर-प्याज के भाव में भारी गिरावट/उछाल #shorts #shortvideo #trending #viral #vlog,2026-08-30,Chhattisgarh sabji Mandi,https://www.youtube.com/watch?v=jfvgAlS4Y_g,durg mandi sabji rate
पानी के कारण कुछु सामान नई आए हे आज दुर्ग सब्जी मंडी में #durgsabjimandi #minivlog #vlogsvideo #reel,2026-08-30,Sureshacter25,https://www.youtube.com/watch?v=mBS8hGH4BEo,durg mandi sabji rate
30 August Rajnandgaon sabji Mandi bhav #mandibhav #marketvlog#minivlog#rajnandgaon#farmer,2026-08-30,Mr. Agriman..🌱,https://www.youtube.com/watch?v=1lbkpuUGl_Y,rajnandgaon mandi bhav
30 August  भाटा 20 रुपये किलो बिक रहा है 😱#ambikapur#sabji #chhattisgarh #mandi #vlogs ,2026-08-30, Ashish08 Vlog,https://www.youtube.com/watch?v=X_EhiEDkFLM,chhattisgarh mandi sabji rate
30 अगस्त 2026🍅अंबिकापुर सब्जी मंडी|Ambikapur sabji mandi#surajpur#bajar#sabji#ambikapur#food #vlog,2026-08-30,Mohar Bajar Vlogs,https://www.youtube.com/watch?v=08un8iQ0vRo,chhattisgarh mandi sabji rate
धमाका रेट! टमाटर और हरी मिर्च के दामों में आई बड़ी गिरावट | Raipur Sabji M💥#shorts #trending #viral,2026-08-29,Chhattisgarh sabji Mandi,https://www.youtube.com/watch?v=XsAHp0EPDRI,raipur mandi sabji rate
धमाका रेट! टमाटर और हरी मिर्च के दामों में आई बड़ी गिरावट | Raipur Sabji Mandi Bhav Chhattisgarh 💥,2026-08-29,Chhattisgarh sabji Mandi,https://www.youtube.com/watch?v=KgK5neyPgUo,raipur mandi sabji rate
29 अगस्त 2026 बारिश के कारण टमाटर भाव में भारी गिरावट Durg mandi Chhattisgarh.#cg #viral #farming .,2026-08-29,@mandi bhav-Durg,https://www.youtube.com/watch?v=t58MldKh950,durg mandi sabji rate
आज का देशी टमाटर भाव छत्तीसगढ़ का लोकल टमाटर gandai mandi Chhattisgarh #Rohansabjiwala #cg #farming,2026-08-29,ROHAN SABJIWALA ,https://www.youtube.com/watch?v=DqjSYiXaGtA,chhattisgarh mandi bhav today
29 August 2026 देशी टमाटर चालू हो गया है छत्तीसगढ़ का  Rohansabjiwala Gandai mandi Chhattisgarh ,2026-08-29,ROHAN SABJIWALA ,https://www.youtube.com/watch?v=rVFmqZljZVg,chhattisgarh mandi bhav today
&#39;  आज की सब्जी का ताजा रेट थोक भाव! जानिए आज मंडी में क्या रेट चल रहा है।  #akalatar #chhattisgarh,2026-08-29,sahu sabji wala ,https://www.youtube.com/watch?v=h5aaIySU7-Y,chhattisgarh mandi sabji rate
28 August 2026 Durg mandi Chhattisgarh.#cg #farming #viral #youtubeshorts,2026-08-28,@mandi bhav-Durg,https://www.youtube.com/watch?v=qNpIQH-__hs,durg mandi sabji rate
राजनांदगांव सब्जी मंडी भाव | Rajnandgaon Sabji Mandi Bhav Today | [28-8-2026]#shorts ,2026-08-28,Chhattisgarh sabji Mandi,https://www.youtube.com/watch?v=luUMWVhVS5U,rajnandgaon mandi bhav
27 अगस्त 2026 | आज के ताज़ा सब्जी भाव 🔥 | Shastri Market Sabji Mandi Raipur | आज का मंडी रेट,2026-08-27,Sukramsona vlogs,https://www.youtube.com/watch?v=oJ_o_upKFJ0,raipur mandi sabji rate
27 August टमाटर 700 रूपये कैरेट बिक रहा है 😱#ambikapur#sabji #chhattisgarh #mandi #vlogs ,2026-08-27, Ashish08 Vlog,https://www.youtube.com/watch?v=M9dWSoIiUXQ,raipur mandi sabji rate
दुर्ग सब्जी मंडी गुरुवार का भाव सुपर टमाटर350 खीरा400 मुंगा30kg पत्ता गोभी12kg #vlogs #durgsabji #cg,2026-08-27,Sureshacter25,https://www.youtube.com/watch?v=qSpZeA9UGRQ,durg mandi sabji rate
Durg Sabzi Mandi Bhav Today | दुर्ग सब्जी मंडी भाव आज का | [27-8-2026]#shorts #trending #viral,2026-08-27,Chhattisgarh sabji Mandi,https://www.youtube.com/watch?v=xlufJtS4ISw,durg mandi sabji rate
"यहां मिलेगा मिठाइयों से भी सस्ता फल,fal mandi power house bhilai Chhattisgarh#cg #fruit#viral#food. ",2026-08-27,@mandi bhav-Durg,https://www.youtube.com/watch?v=rEFPRNUNm2s,bhilai mandi sabji rate
27 August Rajnandgaon sabji Mandi bhav# #mandibhav#marketvlog #minivlog #rajnandgaon,2026-08-27,Mr. Agriman..🌱,https://www.youtube.com/watch?v=Eu0wQMkTqWU,rajnandgaon mandi bhav
"16 सितंबर 2026 ,लहसुन मंडी | Aaj Ka Lahsun Ka Bhav | Today lahsun #garlicratetoday",2026-08-27,Mandiyon Ke bhav,https://www.youtube.com/watch?v=WaU7GxkvQAc,chhattisgarh mandi bhav today
27 August 2026 टमाटर सब्जी सब सस्ता है मिर्ची धनिया सस्ता है Dhamdha Mandi Chhattisgarh,2026-08-27,ROHAN SABJIWALA ,https://www.youtube.com/watch?v=8nCrTcEm46E,chhattisgarh mandi bhav today
26 August खुकड़ीं 300 रूपये किलो बिक रहा है 😱#ambikapur#sabji #chhattisgarh #mandi #vlogs ,2026-08-26, Ashish08 Vlog,https://www.youtube.com/watch?v=RvGAlXGRTQ0,raipur mandi sabji rate
Durg Sabzi Mandi Bhav Today | दुर्ग सब्जी मंडी भाव आज का | [26-8-2026],2026-08-26,Chhattisgarh sabji Mandi,https://www.youtube.com/watch?v=Ua-HFkehGF4,durg mandi sabji rate
26 अगस्त 2026 टमाटर भाव में तेजी टमाटर हुआ महंगा Durg mandi Chhattisgarh #cg #viral #farming#food ,2026-08-26,@mandi bhav-Durg,https://www.youtube.com/watch?v=em01y_b3MTs,durg mandi sabji rate
राजनांदगांव सब्जी मंडी भाव आज का | Rajnandgaon Sabzi Mandi Bhav #shorts #sabzimandibhav,2026-08-26,Chhattisgarh sabji Mandi,https://www.youtube.com/watch?v=HxQCZXUZuvo,rajnandgaon mandi bhav
Dongargaon Sabzi Mandi Bhav Today | डोंगरगांव सब्जी मंडी भाव आज का | [26-8-2026],2026-08-26,Chhattisgarh sabji Mandi,https://www.youtube.com/watch?v=Tx5vX36jq4o,rajnandgaon mandi bhav
Dongargaon Mandi Bhav Today | डूंगरगांव मंडी भाव आज का | [26-8-2026]#shorts #shortvideo #viral,2026-08-26,Chhattisgarh sabji Mandi,https://www.youtube.com/watch?v=Ge5F1z01j7U,rajnandgaon mandi bhav
26 August Rajnandgaon sabji mandi bhav #mandibhav#marketvlog#minivlog#rajnandgaon#farmer,2026-08-26,Mr. Agriman..🌱,https://www.youtube.com/watch?v=oAIjszhrDtc,rajnandgaon mandi bhav
kui sabji Bajar Chhattisgarh aaj market mein kya rate chal raha hai Live highlight,2026-08-26,Kisan Zindabad ,https://www.youtube.com/watch?v=ypTMz-uYQeU,chhattisgarh mandi sabji rate
26 August 2026 यहाँ मिलेगा सब्जी टमाटर सस्ता मे Dhamdha Mandi Chhattisgarh #Rohansabjiwala #cg #food,2026-08-26,ROHAN SABJIWALA ,https://www.youtube.com/watch?v=IMeo0M0PPoE,chhattisgarh mandi sabji rate
25 August 2026 Durg mandi Chhattisgarh.#viral #youtubeshorts #farming #food.,2026-08-25,@mandi bhav-Durg,https://www.youtube.com/watch?v=2TeL5nYBiSs,durg mandi sabji rate
आज का सब्जी मंडी भाव | दुर्ग सब्जी मंडी थोक रेट 25 अगस्त 2026 | Chhattisgarh Mandi Bhav Today,2026-08-25,Chhattisgarh sabji Mandi,https://www.youtube.com/watch?v=pF-uHxL2g74,durg mandi sabji rate
25 अगस्त 2026 बड़ा अपडेट टमाटर हुआ महंगा Durg mandi Chhattisgarh.#cg #viral #farming #food #fruit. ,2026-08-25,@mandi bhav-Durg,https://www.youtube.com/watch?v=MCc7yp5Ogow,durg mandi sabji rate
25 August Rajnandgaon sabji Mandi bhav #mandibhav#marketvlog#minivlog#farming,2026-08-25,Mr. Agriman..🌱,https://www.youtube.com/watch?v=D4N2aMhL8UY,rajnandgaon mandi bhav
छत्तीसगढ़ का सबसे बड़ा सब्जी मंडी।। आज टमाटर 🍅 का रेत हुआ full महंगा।। ऐसा बिकता है सब्जी की देख के🥺,2026-08-25,CG Gulli boy comedy videos,https://www.youtube.com/watch?v=I_5Kz8_sEHc,rajnandgaon mandi bhav
Bhindi ka rate akaltara sabji mandi #aklatara #bilaspur ,2026-08-25,sahu sabji wala ,https://www.youtube.com/watch?v=G1aEYjX3JP8,bilaspur mandi sabji rate
तिफरा बिलासपुर सब्जी मंडी,2026-08-25,yenivsahu,https://www.youtube.com/watch?v=SxHGktp-kNI,bilaspur mandi sabji rate
25 August 2026  टमाटर मे उछाल जारी है Dhamdha Mandi Chhattisgarh #Rohansabjiwala #cg #farming #food ,2026-08-25,ROHAN SABJIWALA ,https://www.youtube.com/watch?v=CgudtTpmp2Y,chhattisgarh mandi sabji rate
25  August टमाटर 450  रूपये कैरेट बिक रहा है 😱#ambikapur#sabji #chhattisgarh #mandi #vlogs ,2026-08-25, Ashish08 Vlog,https://www.youtube.com/watch?v=5D_BSB39YkA,chhattisgarh mandi sabji rate
24 August 2026 आज टमाटर में उछाल आया है धनिया सस्ता है Dhamdha Mandi Chhattisgarh #Rohansabjiwala,2026-08-24,ROHAN SABJIWALA ,https://www.youtube.com/watch?v=Hbx3N-TbY0Q,raipur mandi sabji rate
24 August खुखड़ी 750 रूपये कीलो बिक रहा है 😱#ambikapur#sabji #chhattisgarh #mandi #vlogs ,2026-08-24, Ashish08 Vlog,https://www.youtube.com/watch?v=IkLo-5kYG20,raipur mandi sabji rate
आज का प्याज भाव 🧅 Today Onion Price | प्याज मंडी भाव | 24 August 2026 |  Delhi keshopur mandi #pyaj,2026-08-24,Delhi Fresh Market,https://www.youtube.com/watch?v=wCzJZTJ-Wmo,chhattisgarh mandi bhav today
24 अगस्त# 2026# दिन सोमवार सिलफिली सब्जी मंडी में मूली 13 रुपये किलो। #please subscribe 🙏,2026-08-24,Lav Kumar Kushwaha ,https://www.youtube.com/watch?v=VNJl9-iO94c,chhattisgarh mandi sabji rate
24अगस्त #2026# दिन सोमवार अंबिकापुर सिलफिली थोक सब्जी मंडी में सभी ताजा सब्जियों का भाव देखिए आज।,2026-08-24,Lav Kumar Kushwaha ,https://www.youtube.com/watch?v=qms_kF6ysn4,chhattisgarh mandi sabji rate
23 August भिंडी 45 रूपये कीलो बिक रहा है 😱#ambikapur#sabji #chhattisgarh #mandi #vlogs ,2026-08-23, Ashish08 Vlog,https://www.youtube.com/watch?v=1zoyecBdLe0,raipur mandi sabji rate
23 August Rajnandgaon thok sabji mandi bhav # #mandibhav#marketvlog#minivlog#sabjimandi#farmer,2026-08-23,Mr. Agriman..🌱,https://www.youtube.com/watch?v=rVN0lPvIdxY,rajnandgaon mandi bhav
23 August 2026 आज का टमाटर भाव Dhamdha Mandi Chhattisgarh #Rohansabjiwala #cg #farming #food ,2026-08-23,ROHAN SABJIWALA ,https://www.youtube.com/watch?v=TzSYpqeEhZs,chhattisgarh mandi bhav today
"Sona Chandi Taaja Bhav, 16 September 2026 Aaj Ka Sone Chandi Ka Bhav | Aaj Ka Sone Ka Bhav | Gold ",2026-08-23,Free me Jano,https://www.youtube.com/watch?v=P5MKzPcMeW0,chhattisgarh mandi bhav today
छत्तीसगढ़ कवर्धा सब्ज़ी मंडी #vairalvideo #funny #vegitablemarket #vegitablemarket #trending,2026-08-23,Hari sabji bajar ,https://www.youtube.com/watch?v=Gqm5kWx8sCc,chhattisgarh mandi sabji rate
22 अगस्त 2026 आज तो और भी सस्ता हुआ सब्जियां Durg mandi Chhattisgarh.#cg #farming #viral #food ,2026-08-22,@mandi bhav-Durg,https://www.youtube.com/watch?v=OHXrqaKyR1s,raipur mandi sabji rate
22 August टामाटर 500रुपये करेट बिक रहा है 😱#ambikapur#sabji #chhattisgarh #mandi #vlogs ,2026-08-22, Ashish08 Vlog,https://www.youtube.com/watch?v=3Z5FIOvJqfc,raipur mandi sabji rate
Today 22/8/2026 gobin40/50 rupay thok rate  raipur dumartrai sabji mandi,2026-08-22,Raipur sabji Mandi,https://www.youtube.com/watch?v=iqAPcQbCL7E,raipur mandi sabji rate
रायपुर सब्जी मंडी में सब्जीक्या रेट है #video #reles,2026-08-22,Surjeet Kumar blog 9915,https://www.youtube.com/watch?v=Xorz5v3KEpQ,raipur mandi sabji rate
कुम्हारी होलसेल सब्जी मंडी | Kumhari Holsale Sabji Mandi | Kumhari Sabji Mandi Durg ,2026-08-22,Ajay Sahu Official ,https://www.youtube.com/watch?v=J3XgshqEZjM,durg mandi sabji rate
22/08/2026 || शनिवार बाज़ार || Palne Bale Bache || Bilaspur Bakra Mandi Saturday Market U.P,2026-08-22,KGF Kumar Goat Farm,https://www.youtube.com/watch?v=bZ-01SwHhtQ,bilaspur mandi sabji rate
22 August 2026 टमाटर मे आज तेजी है गोभी सस्ता है गंडई मंडी छत्तीसगढ़ #Rohansabjiwala #food #tomato ,2026-08-22,ROHAN SABJIWALA ,https://www.youtube.com/watch?v=A08rIoFDcmw,chhattisgarh mandi bhav today
"किसानों को मिला तोहफा, सब्जियों का अचानक बढ़ा रेट।",2026-08-22,JHARKHANDI VLOGGER,https://www.youtube.com/watch?v=2cAtGdEdWLM,chhattisgarh mandi sabji rate
😳सब्जी मंडी इंदौर // आज का थोक भाव 👍- sabji mandi indore mp #sabjimandi #indoremandi ,2026-08-21,Sabji Mandi Indore,https://www.youtube.com/watch?v=Xz79niv67ls,raipur mandi sabji rate
छत्तीसगढ़ का सबसे सस्ता फल मंडी fal mandi power house bhilai.#cg #viral #farming #fruit ,2026-08-21,@mandi bhav-Durg,https://www.youtube.com/watch?v=i8uligNpA1g,durg mandi sabji rate
"10 सितंबर 2026 प्याज में तेजी इंदौर मंडी। Iनndore Mandi Pyaj bhav,aaj ka pyaj bhav#onion_rates_today",2026-08-21,Aaj ke mandi bhav ,https://www.youtube.com/watch?v=TRb0zSOYCac,chhattisgarh mandi bhav today
Aaj ka pyaj bhav 21 August 2026 shajapur mandi || today pyaj rate || Aaj ka pyaj bhav,2026-08-21,Laksh Irrigation,https://www.youtube.com/watch?v=3ZXzSGDvI9M,chhattisgarh mandi bhav today
21 August फूलगोभी 68 रुपये किलो बिक रहा है 😱#ambikapur#sabji #chhattisgarh #mandi #vlogs ,2026-08-21, Ashish08 Vlog,https://www.youtube.com/watch?v=9Qjz6A5vtu0,chhattisgarh mandi sabji rate
आज के ताज़ा भाव | Wholesale Sabji Mandi Kumhari Raipur 2026 | कुम्हारी मंडी सब्जी रेट आज,2026-08-20,Sukramsona vlogs,https://www.youtube.com/watch?v=98yBFZ3NgYI,raipur mandi sabji rate
Raipur dumartrai sabji mandi 20/08/2026 #raipur #raipurnews #sabji #chattisgarh #raipursabjimandi,2026-08-20,Raipur sabji Mandi,https://www.youtube.com/watch?v=5rNay9CO5a8,raipur mandi sabji rate
20 August  टमाटर 450  रुपये कैरेट बिक रहा है 😱#ambikapur#sabji #chhattisgarh #mandi #vlogs ,2026-08-20, Ashish08 Vlog,https://www.youtube.com/watch?v=bEKij48DfKk,raipur mandi sabji rate
20 August  बरबत्ती 10 रुपये किलो बिक रहा है 😱#ambikapur#sabji #chhattisgarh #mandi #vlogs ,2026-08-20, Ashish08 Vlog,https://www.youtube.com/watch?v=hTA3q3C_LN4,raipur mandi sabji rate
दुर्ग मंडी छत्तीसगढ़ #cg #viral #youtubeshorts #farming,2026-08-20,@mandi bhav-Durg,https://www.youtube.com/watch?v=b4DdgcB0-5o,durg mandi sabji rate
20 अगस्त 2026 जानिए आज का मंडी भाव Durg mandi Chhattisgarh #farming #viral #cg ,2026-08-20,@mandi bhav-Durg,https://www.youtube.com/watch?v=M1DkpKnJTZA,durg mandi sabji rate
20 August Rajnandgaon sabji mandi bhav #mandibhav#marketvlog#minivlog# #farming#rajnandgaon,2026-08-20,Mr. Agriman..🌱,https://www.youtube.com/watch?v=S7i3BbtlDBQ,rajnandgaon mandi bhav
क्या प्याज की Pipe Line खाली है? भाव में होगा फिर सुधार | Onion Price Today | Azadpur Mandi #pyaj,2026-08-20,Delhi Fresh Market,https://www.youtube.com/watch?v=EKZwsavNwow,chhattisgarh mandi bhav today
गेहूं के भूसा का भाव l भूसा का भाव क्या है /aaj ka bhusa ka bhav/bhusa ka rate today/gehu bhusa bhav,2026-08-20,Aligarh Mandi Bhav ,https://www.youtube.com/watch?v=dXBo1CCXOIs,chhattisgarh mandi bhav today
shajapur mandi pyaj ka bhav । 20 अगस्त 2026 शाजापुर मंडी प्याज भाव #pyajbhav #shajapurmandi,2026-08-20,FARMING NEWS,https://www.youtube.com/watch?v=9_CayR-Rw-4,chhattisgarh mandi bhav today
आज मंडी में हुआ  सब्जी रेट।। Chhhattisga का सबसे बड़ा सब्जी मंडी। रोज का रेट #vlog ,2026-08-20,CG Gulli boy comedy videos,https://www.youtube.com/watch?v=nZOhJY4D-SM,chhattisgarh mandi sabji rate
20 August 2026 टमाटर सस्ता है आज गोभी भी सस्ता हो रहा है Dhamdha Mandi Chhattisgarh #Rohansabjiwala ,2026-08-20,ROHAN SABJIWALA ,https://www.youtube.com/watch?v=45lp_z1_KeQ,chhattisgarh mandi sabji rate
19 अगस्त 2026 सब्जियों के भाव में भारी गिरावट दुर्ग मंडी छत्तीसगढ़#cg #viral #farming .,2026-08-19,@mandi bhav-Durg,https://www.youtube.com/watch?v=swp8kWwvpgA,raipur mandi sabji rate
19 August  टमाटर 🍅 500 रुपये कैरेट बिक रहा है 😱#ambikapur#sabji #chhattisgarh #mandi #vlogs ,2026-08-19, Ashish08 Vlog,https://www.youtube.com/watch?v=qktxytYcYBc,raipur mandi sabji rate
19 August Rajnandgaon sabji Mandi bhav #mandibhav#minivlog#marketvlog #farming #rajnandgaon,2026-08-19,Mr. Agriman..🌱,https://www.youtube.com/watch?v=rTroQ17Er9c,rajnandgaon mandi bhav
Indore Mandi pyaj ka bhav ,2026-08-19,Mandi bhav indore,https://www.youtube.com/watch?v=5rbQkyb4e_0,chhattisgarh mandi bhav today
shajapur mandi pyaj ka bhav । 19 अगस्त 2026 शाजापुर मंडी प्याज भाव #pyajbhav #shajapurmandi,2026-08-19,FARMING NEWS,https://www.youtube.com/watch?v=Ry6UpMDcpkU,chhattisgarh mandi bhav today
गोभी का मंडी भाव Dhamdha Mandi Chhattisgarh #Rohansabjiwala #cg #farming,2026-08-19,ROHAN SABJIWALA ,https://www.youtube.com/watch?v=3UrzjaUA9ug,chhattisgarh mandi sabji rate
19 अगस्त 2026 राजिम सब्जी मंडी छत्तीसगढ़ ,2026-08-19,Pappu Sonkar sabji wala,https://www.youtube.com/watch?v=w5C6u33ii8w,chhattisgarh mandi sabji rate
18 अगस्त 2026 बारिश के कारण सब्जियों का रेट डाउन 🌧️ दुर्ग मंडी छत्तीसगढ़#cg #farming #viral #food ,2026-08-18,@mandi bhav-Durg,https://www.youtube.com/watch?v=gypqpNmdg9I,raipur mandi sabji rate
18 August  फुलगोभी 45 रुपये किलो बिक रहा है 😱#ambikapur#sabji #chhattisgarh #mandi #vlogs ,2026-08-18, Ashish08 Vlog,https://www.youtube.com/watch?v=dT4DmQz0h-Q,raipur mandi sabji rate
सब्जियों मे तेजी का माहौल 🤩 // sabji mandi indore - #sabji #mandi ,2026-08-18,Sabji Mandi Indore,https://www.youtube.com/watch?v=Lh4y6FYbmho,raipur mandi sabji rate
18 अगस्त 2026 दुर्ग मंडी छत्तीसगढ़ #viral #cg #farming,2026-08-18,@mandi bhav-Durg,https://www.youtube.com/watch?v=9BCLOxh4uhE,durg mandi sabji rate
18 August Rajnandgaon sabji mandi bhav #mandibhav##marketvlog#rajnandgaon# #farming #minivlog,2026-08-18,Mr. Agriman..🌱,https://www.youtube.com/watch?v=VZtRwlTikOQ,rajnandgaon mandi bhav
18 August 2026 आज का टमाटर भाव करेला भाटा खीरा सस्ता है Dhamdha Mandi Chhattisgarh #Rohansabjiwala ,2026-08-18,ROHAN SABJIWALA ,https://www.youtube.com/watch?v=9XwlJPjVTaM,chhattisgarh mandi bhav today
"Sona Chandi Aaj Ka Bhav,  Aaj Ka Sone Chandi Ka Bhav | Aaj Ka Sone Ka Bhav | Gold Rate",2026-08-18,Free me Jano,https://www.youtube.com/watch?v=Avosk8g-CNk,chhattisgarh mandi bhav today
16 August 2026 मंडी भाव दुर्ग Durg mandi Chhattisgarh #viral #cg #youtubeshorts,2026-08-17,@mandi bhav-Durg,https://www.youtube.com/watch?v=biA_UJEulwA,durg mandi sabji rate
17 August 2026 टमाटर आज क्या भाव बिका जानिए पूरा रिपोर्ट Dhamdha Mandi Chhattisgarh #Rohansabjiwala ,2026-08-17,ROHAN SABJIWALA ,https://www.youtube.com/watch?v=nUBYj4qKHws,chhattisgarh mandi sabji rate
16 August 2026 टमाटर मे तेजी है आज करेला भाटा सस्ता है Dhamdha Mandi Chhattisgarh #Rohansabjiwala ,2026-08-16,ROHAN SABJIWALA ,https://www.youtube.com/watch?v=45LOt-LNC78,raipur mandi sabji rate
16 August टमाटर 🍅 400 रुपये करेट बिक रहा है 😱#ambikapur#sabji #chhattisgarh #mandi #vlogs ,2026-08-16, Ashish08 Vlog,https://www.youtube.com/watch?v=hPBhWdtRAs0,raipur mandi sabji rate
दुर्ग सब्जी मंडी भाव आज | 16 अगस्त 2026,2026-08-16,समृद्ध स्वदेश,https://www.youtube.com/watch?v=9TRy4jLF2cA,durg mandi sabji rate
16 August 2026 आज फिर टमाटर सस्ता हुआ Durg mandi Chhattisgarh.#cg #viral #farming,2026-08-16,@mandi bhav-Durg,https://www.youtube.com/watch?v=AqUQNa0rbHg,durg mandi sabji rate
15 अगस्त 2026 आज टमाटर सस्ता है Durg mandi Chhattisgarh #cg #farming #viral #food ,2026-08-15,@mandi bhav-Durg,https://www.youtube.com/watch?v=9svHQOL9X-k,durg mandi sabji rate
15 August 2026 आज क्या भाव बिका टमाटर जानिए गंडई मंडी छत्तीसगढ़ से Rohansabjiwala #cg #farming #food,2026-08-15,ROHAN SABJIWALA ,https://www.youtube.com/watch?v=UQV3j0OlXgE,chhattisgarh mandi bhav today
"08 सितंबर 2026 ,लहसुन मंडी | Aaj Ka Lahsun Ka Bhav | Today lahsun #garlicratetoday",2026-08-15,Mandiyon Ke bhav,https://www.youtube.com/watch?v=k3WIqhb9eos,chhattisgarh mandi bhav today
14 August 2026 आज का टमाटर भाव Dhamdha Mandi Chhattisgarh #Rohansabjiwala #cg #farming #food ,2026-08-14,ROHAN SABJIWALA ,https://www.youtube.com/watch?v=T43MOmUrSSQ,raipur mandi sabji rate
14 अगस्त 2026 आज का मंडी भाव Durg mandi Chhattisgarh #farming #food #viral #cg ,2026-08-14,@mandi bhav-Durg,https://www.youtube.com/watch?v=tcg6aONEmjg,durg mandi sabji rate
"Sona Chandi Taaja Bhav, 30 August 2026 Aaj Ka Sone Chandi Ka Bhav | Gold And Silver Price Today ",2026-08-14,Free me Jano,https://www.youtube.com/watch?v=CfWZA6aT7iY,chhattisgarh mandi bhav today
छत्तीसगढ़ का बहुत जल्द देशी टमाटर आने वाला है Rohansabjiwala #cg #farming #food #tomato ,2026-08-14,ROHAN SABJIWALA ,https://www.youtube.com/watch?v=A6uL48ZDgGM,chhattisgarh mandi sabji rate
13 अगस्त 2026 टमाटर हुआ महंगा Durg mandi Chhattisgarh #farming #food #viral #cg ,2026-08-13,@mandi bhav-Durg,https://www.youtube.com/watch?v=qXjQXiijGfU,raipur mandi sabji rate
13 August फुलगोभी 40 रुपये किलो बिक रहा है 😱#ambikapur#sabji #chhattisgarh #mandi #vlog,2026-08-13, Ashish08 Vlog,https://www.youtube.com/watch?v=PGgl7z71Jdo,raipur mandi sabji rate
दुर्ग सब्जी मंडी का असली भाव | हर रविवार मंडी अपडेट,2026-08-13,समृद्ध स्वदेश,https://www.youtube.com/watch?v=7hhlH5WPfXo,durg mandi sabji rate
बरेली मंडी आज का थोक भाव || sabji rate today || 13 August 2026,2026-08-13,bpl Mourya vlog ,https://www.youtube.com/watch?v=BbjHg5A2bf0,bhilai mandi sabji rate
मंगलवार बाजार अजबनगर सब्जी का रेट पूछा चाचा से 😱✅#sabji #mandi #ambikapur #chhattisgarh #shorts,2026-08-13, Ashish08 Vlog,https://www.youtube.com/watch?v=DMFtWsrrENQ,chhattisgarh mandi sabji rate
12 अगस्त 2026 आज का मंडी भाव Durg mandi Chhattisgarh #cg #farming #food #viral  ,2026-08-12,@mandi bhav-Durg,https://www.youtube.com/watch?v=Kus34rNJkLM,raipur mandi sabji rate
12  August टमाटर 750 रूपये करेट बिक रहा है 😱#ambikapur#sabji #chhattisgarh #mandi #vlog,2026-08-12, Ashish08 Vlog,https://www.youtube.com/watch?v=e84S4bcaNO8,raipur mandi sabji rate
टमाटर और मिर्ची मे तेजी 🤩- sabji mandi indore // #mandi #sabji ,2026-08-12,Sabji Mandi Indore,https://www.youtube.com/watch?v=OnirukxsERQ,raipur mandi sabji rate
12 August 2026 Delhi 🍅 टमाटर होलसेल भाव | Keshopur Mandi | Today Tomato Rate #tamatar #tamatarmandi,2026-08-12,Delhi Fresh Market,https://www.youtube.com/watch?v=6-78qFHGHDo,chhattisgarh mandi bhav today
# #छत्तीसगढ़ कुम्हारी थोक सब्ज़ी मंडी shiv vegetable sales and dealer raipur CG,2026-08-11,shiv vegetable sales and dealer ,https://www.youtube.com/watch?v=tTXQAj0ZTA0,raipur mandi sabji rate
11अगस्त 2026 आज का टमाटर भाव Durg mandi Chhattisgarh #cg #farming #viral #food ,2026-08-11,@mandi bhav-Durg,https://www.youtube.com/watch?v=oh7Uerd7LMY,durg mandi sabji rate
11 अगस्त 2026 आज का मंडी भाव Durg mandi Chhattisgarh #cg #viral #food #farming ,2026-08-11,@mandi bhav-Durg,https://www.youtube.com/watch?v=di8qjwPgp18,durg mandi sabji rate
Indore Mandi pyaj ka bhav ,2026-08-11,Mandi bhav indore,https://www.youtube.com/watch?v=Hi5cjXPdaiM,chhattisgarh mandi bhav today
11अगस्त 2026 मंडी भाव Durg mandi Chhattisgarh #cg #farming #food #viral,2026-08-11,@mandi bhav-Durg,https://www.youtube.com/watch?v=ZCRN1FJ3biI,chhattisgarh mandi sabji rate
🥬 करेली सब्जी मंडी के आज के ताजा भाव | सब्जियों के थोक रेट | छत्तीसगढ़ मंडी भाव,2026-08-11,Nishad sabji vlogs ,https://www.youtube.com/watch?v=4B4b7p6iMQA,chhattisgarh mandi sabji rate
10 August 2026 आज का टमाटर भाव Dhamdha Mandi Chhattisgarh #Rohansabjiwala #cg #farming #food ,2026-08-10,ROHAN SABJIWALA ,https://www.youtube.com/watch?v=AJnRgx7Vilc,raipur mandi sabji rate
10 August सब्ज़ी  मैं  भारी गिरवट barbatti 10 रूपये किलो😱#ambikapur#sabji #chhattisgarh #mandi #vlog,2026-08-10, Ashish08 Vlog,https://www.youtube.com/watch?v=rYEALtRFsWo,raipur mandi sabji rate
9 August 2026 छत्तीसगढ़ का टमाटर चालू करेला भाटा सस्ता है Rohansabjiwala #cg #farming #food ,2026-08-09,ROHAN SABJIWALA ,https://www.youtube.com/watch?v=w23zVjAMYtE,raipur mandi sabji rate
9 August टमाटर 🍅 400 रूपये  करेट बिक रहा है😱 #ambikapur#sabji #chhattisgarh #mandi  #vlog,2026-08-09, Ashish08 Vlog,https://www.youtube.com/watch?v=85waHAoxyic,raipur mandi sabji rate
करेला सस्ता है Dhamdha Mandi Chhattisgarh #Rohansabjiwala #cg #farming,2026-08-09,ROHAN SABJIWALA ,https://www.youtube.com/watch?v=-Ewq9eehGIM,chhattisgarh mandi sabji rate
छत्तीसगढ़ का टमाटर शुरू Dhamdha Mandi Chhattisgarh #Rohansabjiwala #cg #farming #food,2026-08-09,ROHAN SABJIWALA ,https://www.youtube.com/watch?v=T1ynPq5NZHY,chhattisgarh mandi sabji rate
8 August 2026 आज का टमाटर भाव Gandai mandi Chhattisgarh #Rohansabjiwala #cg #farming #food ,2026-08-08,ROHAN SABJIWALA ,https://www.youtube.com/watch?v=BpEknuuTYIs,raipur mandi sabji rate
8 August फुलगोभी 50 रूपये  किलो बिक रहा है😱 #ambikapur#sabji #chhattisgarh #mandi  #vlog,2026-08-08, Ashish08 Vlog,https://www.youtube.com/watch?v=cVnMqU_MvAo,raipur mandi sabji rate
8 अगस्त 2026 दुर्ग मंडी छत्तीसगढ़ #cg #viral #farming #food,2026-08-08,@mandi bhav-Durg,https://www.youtube.com/watch?v=EPsJ93lPyiA,durg mandi sabji rate
8 August 2026 Delhi 🍅 टमाटर होलसेल भाव | Keshopur Mandi | Today Tomato Rate #tamatar #tamatarmandi,2026-08-08,Delhi Fresh Market,https://www.youtube.com/watch?v=3A-COEYOMb4,chhattisgarh mandi bhav today
खेखसी 210 रुपया किलो बिका है Gandai mandi Chhattisgarh #Rohansabjiwala #cg #farming,2026-08-08,ROHAN SABJIWALA ,https://www.youtube.com/watch?v=9gHHZFXMNvw,chhattisgarh mandi sabji rate
सब्जी मंडी कवर्धा // 07 अगस्त शुक्रवार आज के ताजा भाव // सबो सब्जी सस्ता होगे kawardha sabji mandi ,2026-08-07,Cg Laxmi Vlogss,https://www.youtube.com/watch?v=_G_gdP1mg2k,raipur mandi sabji rate
सब्जियों के भाव मे तेजी या मद्दी 😳 | sabji mandi indore | #mirchi #tmatar ,2026-08-07,Sabji Mandi Indore,https://www.youtube.com/watch?v=qxJ_Q6k2uCc,raipur mandi sabji rate
7 अगस्त 2026 टमाटर हुआ सस्ता Durg mandi Chhattisgarh #cg #farming #viral #food ,2026-08-07,@mandi bhav-Durg,https://www.youtube.com/watch?v=6vz98NWobyI,durg mandi sabji rate
7 August 2026 टमाटर सस्ता है मिर्ची भी सस्ता हो रहा है tomoto price today #Rohansabjiwala #cg #food ,2026-08-07,ROHAN SABJIWALA ,https://www.youtube.com/watch?v=JfOp7eOIxN4,chhattisgarh mandi bhav today
सब्जी मंडी कवर्धा आज का ताजा रेट #trendingshorts #trendingshorts #shortvideo #sabjimandi #reels #cg,2026-08-07,Cg Laxmi Vlogss,https://www.youtube.com/watch?v=qDjsDMe50qs,chhattisgarh mandi sabji rate
6 August 2026 टमाटर सस्ता है Dhamdha Mandi Chhattisgarh #Rohansabjiwala #cg #farming #food ,2026-08-06,ROHAN SABJIWALA ,https://www.youtube.com/watch?v=yfyEHNZpCxc,raipur mandi sabji rate
"आज का सब्जी मंडी भाव, खरीदने से पहले जरूर देखें।",2026-08-06,JHARKHANDI VLOGGER,https://www.youtube.com/watch?v=Wn16VUj_Ypk,raipur mandi sabji rate
6 August टमाटर 🍅 400 रूपये करेट बिक रहा है😱 #ambikapur#sabji #chhattisgarh #mandi  #vlog,2026-08-06, Ashish08 Vlog,https://www.youtube.com/watch?v=AKETmzU5PHo,raipur mandi sabji rate
6 अगस्त 2026 आज का मंडी भाव Durg mandi Chhattisgarh #cg #farming #viral #food ,2026-08-06,@mandi bhav-Durg,https://www.youtube.com/watch?v=odJWoDthMB0,durg mandi sabji rate
6 August Rajnandgaon सब्जी मंडी भाव #mandibhav #minivlog# #farming #marketvlog #agriculture,2026-08-06,Mr. Agriman..🌱,https://www.youtube.com/watch?v=oJnltXiCovw,rajnandgaon mandi bhav
6 August Rajnandgaon सब्जी मंडी भाव # #mandibhav#marketvlog#minivlog #agriculture #farming,2026-08-06,Mr. Agriman..🌱,https://www.youtube.com/watch?v=TSLFsiXcbhk,rajnandgaon mandi bhav
5 August Rajnandgaon सब्जी मंडी भाव # #mandibhav#rajnandgaon#marketvlog #farming #minivlog,2026-08-05,Mr. Agriman..🌱,https://www.youtube.com/watch?v=7eWf4nBJZwY,raipur mandi sabji rate
5 August barbatti 10 रूपये किलो बिक रहा है😱 #ambikapur#sabji #chhattisgarh #mandi  #vlog,2026-08-05, Ashish08 Vlog,https://www.youtube.com/watch?v=lviToWvJHTw,raipur mandi sabji rate
5 अगस्त 2026 टमाटर भाव में तेजी Durg mandi Chhattisgarh #cg #farming #viral #food ,2026-08-05,@mandi bhav-Durg,https://www.youtube.com/watch?v=Ww6ppGbhwgU,durg mandi sabji rate
सब्जियों के भाव मे भारी गिरावट 😳 | sabji mandi indore | #mirchi ,2026-08-05,Sabji Mandi Indore,https://www.youtube.com/watch?v=Ui2_AOvbvKc,bhilai mandi sabji rate
ताजा सब्जी रेट आज का #mandi #funny #tildamandi,2026-08-05,GSB VIKASH ,https://www.youtube.com/watch?v=CMAK1Q5iWss,chhattisgarh mandi sabji rate
आज का ताज़ा सब्जी मंडी भाव | Tilda Sabji Mandi | Today Vegetable Market Price | Chhattisgarh,2026-08-05,GSB VIKASH ,https://www.youtube.com/watch?v=LgsaqZtPr1s,chhattisgarh mandi sabji rate
4 August 2026 आज का ताजा भाव टमाटर का Dhamdha Mandi Chhattisgarh #Rohansabjiwala #cg #farming #food,2026-08-04,ROHAN SABJIWALA ,https://www.youtube.com/watch?v=IYI8iwSLLUc,raipur mandi sabji rate
4 August  टमाटर 200 रूपये करेट बिक रहा है😱 #ambikapur#surajpur#mandi  #vlogger ,2026-08-04, Ashish08 Vlog,https://www.youtube.com/watch?v=wvgWw1urpdI,raipur mandi sabji rate
4 अगस्त 2026 टमाटर भाव में तेजी Durg mandi Chhattisgarh #cg #farming #viral #food ,2026-08-04,@mandi bhav-Durg,https://www.youtube.com/watch?v=EMAPPUQyC2U,durg mandi sabji rate
4 August Rajnandgaon सब्जी मंडी भाव #mandibhav #farming#marketvlog#rajnandgaon,2026-08-04,Mr. Agriman..🌱,https://www.youtube.com/watch?v=7reW8OaAcoo,rajnandgaon mandi bhav
3 August 2026 आज क्या भाव बिका टमाटर Dhamdha Mandi Chhattisgarh #Rohansabjiwala #cg #farming #food ,2026-08-03,ROHAN SABJIWALA ,https://www.youtube.com/watch?v=UoOuaeP1Dn8,raipur mandi sabji rate
3 August  फूलगोभी 40 रूपये किलो बिक रहा है😱 #ambikapur#surajpur#mandi  #vlogger ,2026-08-03, Ashish08 Vlog,https://www.youtube.com/watch?v=fYZQCmUDBrk,raipur mandi sabji rate
सब्जियों के भाव मे भारी गिरावट 🥺 | indore mandi | vegetable market update mp ,2026-08-03,Sabji Mandi Indore,https://www.youtube.com/watch?v=lOaAagdmNiY,raipur mandi sabji rate
2 August 2026 आज का टमाटर भाव Dhamdha Mandi Chhattisgarh #Rohansabjiwala #cg #farming #food ,2026-08-02,ROHAN SABJIWALA ,https://www.youtube.com/watch?v=zAL-yYLwgVQ,raipur mandi sabji rate
2 August Rajnandgaon थोक सब्जी मंडी भाव #mandibhav#market#rajnandgaon#marketvlog#minivlog,2026-08-02,Mr. Agriman..🌱,https://www.youtube.com/watch?v=3qoXHQMY97g,raipur mandi sabji rate
2 अगस्त 2026 टमाटर भाव में गिरावट Durg mandi Chhattisgarh#@mandi bhav-Durg #cg #farming #viral ,2026-08-02,@mandi bhav-Durg,https://www.youtube.com/watch?v=GaW3JFAmSlU,durg mandi sabji rate
2 August टमाटर 🍅 450 रूपये कैरेट बिक रहा है😱 #ambikapur#surajpur#mandi  #vlogger ,2026-08-02, Ashish08 Vlog,https://www.youtube.com/watch?v=Ca8OeiJgFRw,chhattisgarh mandi sabji rate
1 August 2026 यहाँ मिलेगा सस्ता मे टमाटर Gandai mandi Chhattisgarh #Rohansabjiwala #cg #farming ,2026-08-01,ROHAN SABJIWALA ,https://www.youtube.com/watch?v=6DUvk2L4O8g,raipur mandi sabji rate
Bundi mandi bhav Aaj ka 1_8_2026 |Rajasthan mandi bhav |Sabji mandi rate #shorts #mandi,2026-08-01,Agri Vision Official,https://www.youtube.com/watch?v=1Hnr5xpXLZw,raipur mandi sabji rate
1 अगस्त 2026 आज का मंडी Durg mandi Chhattisgarh #farming #cg #viral #food ,2026-08-01,@mandi bhav-Durg,https://www.youtube.com/watch?v=P1WEeYtgwVo,durg mandi sabji rate
1 August Rajnandgaon ￼थोक सब्जी मंडी भाव #mandibhav#marketvlog#farmer#minivlog#rajnandgaon#market,2026-08-01,Mr. Agriman..🌱,https://www.youtube.com/watch?v=whR_qoOd5r4,rajnandgaon mandi bhav
Date 01/08/26 कुंदरु का रेट 30रु JSR सब्जी मंडी बेमेतरा छत्तीसगढ़ #bemetara #news #cg #सब्जी #sabji,2026-08-01,JSR SABJI WALA,https://www.youtube.com/watch?v=LjETqUqKfhY,chhattisgarh mandi sabji rate
Bundi mandi bhav Aaj ka 31_7_2026 | Rajasthan mandi bhav|Sabji mandi rate #shorts #mandi,2026-07-31,Agri Vision Official,https://www.youtube.com/watch?v=qGP7jKmwyE8,raipur mandi sabji rate
31 July 2026 टमाटर हुआ सस्ता टमाटर भाव में गिरावट Durg mandi Chhattisgarh#cg #farming #viral #food ,2026-07-31,@mandi bhav-Durg,https://www.youtube.com/watch?v=ylqFm0Qn0K0,durg mandi sabji rate
31 July 2026 आज का टमाटर भाव Dhamdha Mandi Chhattisgarh #Rohansabjiwala #cg #farming ,2026-07-31,ROHAN SABJIWALA ,https://www.youtube.com/watch?v=IYTMnG5ZB4g,chhattisgarh mandi bhav today
Indore Mandi Pyaj Bhav Today | 31 July 2026 | आज का इंदौर मंडी प्याज भाव | Onion Market Update,2026-07-31,Kisan sevamp ,https://www.youtube.com/watch?v=MZv6LpdF754,chhattisgarh mandi bhav today
30 july डोरका 25 रूपये किलो बिक रहा है😱 #ambikapur#surajpur#mandi  #vlogger ,2026-07-30, Ashish08 Vlog,https://www.youtube.com/watch?v=XvS9bmoEjvA,raipur mandi sabji rate
30 July 2026 आज का मंडी भाव Durg mandi Chhattisgarh #@mandi bhav-Durg #cg #farming #food #viral ,2026-07-30,@mandi bhav-Durg,https://www.youtube.com/watch?v=_XLk6xNeu5o,durg mandi sabji rate
30 July 2026 आज फिर सस्ता हो गया टमाटर भाव मे गिरावट Dhamdha Mandi Chhattisgarh #Rohansabjiwala #cg ,2026-07-30,ROHAN SABJIWALA ,https://www.youtube.com/watch?v=dUdU05zCd2o,chhattisgarh mandi bhav today
29 July 2026 आज का टमाटर भाव जानिये धमधा मंडी छत्तीसगढ़ से Rohansabjiwala #cg #farming #food ,2026-07-29,ROHAN SABJIWALA ,https://www.youtube.com/watch?v=Z9BQLoi5Stk,raipur mandi sabji rate
29 july barbatti 15 रूपये किलो बिक रहा है😱 #ambikapur#surajpur#mandi  #vlogger ,2026-07-29, Ashish08 Vlog,https://www.youtube.com/watch?v=_uiBfMEYKv8,raipur mandi sabji rate
इंदौर चोइथराम सब्जी मंडी भाव | आज का ताज़ा सब्जी रेट | #indoremanditazabhav #vegetables #agriculture,2026-07-29,Sabji Mandi Bhav,https://www.youtube.com/watch?v=mPAPUEdiBLE,raipur mandi sabji rate
29 July 2026 आज का मंडी भाव दुर्ग छत्तीसगढ़ #cg #farming #food #viral ,2026-07-29,@mandi bhav-Durg,https://www.youtube.com/watch?v=MFVUFIZPShY,durg mandi sabji rate
छत्तीसगढ़ से 12 टन लौकी लोडिंग U.P के लिये Rohansabjiwala #cg #farming #food ,2026-07-29,ROHAN SABJIWALA ,https://www.youtube.com/watch?v=1A9jH0RLppg,chhattisgarh mandi sabji rate
"सब्जियों का रेट सुनकर उड़ जाएंगे होश, देखें रिपोर्ट।",2026-07-28,JHARKHANDI VLOGGER,https://www.youtube.com/watch?v=NVo-ItewEQI,raipur mandi sabji rate
28 july 2026 टमाटर 200 रूपये कैरेट बिक रहा है😱 #ambikapur#surajpur#mandi  #vlogger ,2026-07-28, Ashish08 Vlog,https://www.youtube.com/watch?v=fGhvK8V0jPs,raipur mandi sabji rate
28 july 2026 आज का मंडी भाव दुर्ग छत्तीसगढ़#cg #farming #food #viral,2026-07-28,@mandi bhav-Durg,https://www.youtube.com/watch?v=Hqm93O4RS6g,durg mandi sabji rate
28 July 2026 आज का टमाटर भाव Durg mandi Chhattisgarh #mandi bhav-Durg#cg #farming #food ,2026-07-28,@mandi bhav-Durg,https://www.youtube.com/watch?v=mPFzVXWgn9c,durg mandi sabji rate
28 जुलाई 2026 आज सब्जी टमाटर थोक मंडी भाव राजनांदगांव सब्जी मंडी today vegetables wholesale price ,2026-07-28,Hemant vaishnav ,https://www.youtube.com/watch?v=JzU8SLd2KqE,rajnandgaon mandi bhav
"बिलासपुर के बाजार में सांप के निकलते ही मचा हड़कंप, युवक घायल #bforbastar",2026-07-28,BFORBASTAR,https://www.youtube.com/watch?v=FoLkHQpxuiU,bilaspur mandi sabji rate
27 july 2026 टमाटर 500  रूपये कैरेट बिक रहा है😱 #ambikapur#surajpur#mandi  #vlogger ,2026-07-27, Ashish08 Vlog,https://www.youtube.com/watch?v=BmBf4c43xvA,raipur mandi sabji rate
27 July 2026 आज का टमाटर भाव Dhamdha Mandi Chhattisgarh #Rohansabjiwala #cg #farming ,2026-07-27,ROHAN SABJIWALA ,https://www.youtube.com/watch?v=ZEz5dM7Iitg,bhilai mandi sabji rate
26 July 2026 आज का मंडी भाव #cg #farming #food #viral,2026-07-27,@mandi bhav-Durg,https://www.youtube.com/watch?v=RWIX0hqYl_U,chhattisgarh mandi bhav today
Date 27/07/26 मूली का रेट 20रू से 30रु JSR सब्जी मंडी बेमेतरा छत्तीसगढ़ #bemetara #news #cg #सब्जी,2026-07-27,JSR SABJI WALA,https://www.youtube.com/watch?v=4TtXuMh-fxw,chhattisgarh mandi sabji rate
26 july 2026 भाटा 47 रूपये  किलो बिक रहा है😱 #ambikapur#surajpur#mandi  #vlogger ,2026-07-26, Ashish08 Vlog,https://www.youtube.com/watch?v=fCZrUl4bIwI,raipur mandi sabji rate
26 July 2026 आज का मंडी भाव दुर्ग मंडी छत्तीसगढ़ #chhattisgarh #farming #food ,2026-07-26,@mandi bhav-Durg,https://www.youtube.com/watch?v=cSTW4mgCkTQ,durg mandi sabji rate
Date 26/07/26 करौंदा का रेट 40रू से 70रू JSR सब्जी मंडी बेमेतरा छत्तीसगढ़ #news #bemetara #cg #सब्जी,2026-07-26,JSR SABJI WALA,https://www.youtube.com/watch?v=gHRP5j1TF7k,chhattisgarh mandi sabji rate
26 July 2026 टमाटर मे आज तेजी है गोभी मंहगा है tomoto price today #Rohansabjiwala #cg #farming ,2026-07-26,ROHAN SABJIWALA ,https://www.youtube.com/watch?v=GAns7l4yMI8,chhattisgarh mandi sabji rate
25 जुलाई 2026 | APMC वाशी मार्केट सब्जियों के होलसेल भाव | Today Vegetable Wholesale Price,2026-07-25,Mumbai Fruit Market,https://www.youtube.com/watch?v=_G-xgQs6JOQ,raipur mandi sabji rate
इंदौर चोइथराम सब्जी मंडी भाव | आज का ताज़ा सब्जी रेट | #indoremanditazabhav #vegetables #agriculture,2026-07-25,Sabji Mandi Bhav,https://www.youtube.com/watch?v=yKZcGS62vjI,raipur mandi sabji rate
24 July 2026 आज का बड़ा अपडेट टमाटर हुआ सस्ता आज का पूरा मंडी भाव Rohansabjiwala #cg #farming #food ,2026-07-24,ROHAN SABJIWALA ,https://www.youtube.com/watch?v=u4Pap2X12xo,raipur mandi sabji rate
24 july 2026 टमाटर 500 रूपये  कैरेट बिक रहा है😱 #ambikapur#surajpur#mandi  #vlogger ,2026-07-24, Ashish08 Vlog,https://www.youtube.com/watch?v=ZeVcdCAsN2g,raipur mandi sabji rate
bundi mandi bhav Aaj ka | sabji mandi bhav today | Rajasthan mandi rate #shorts #mandi,2026-07-24,Agri Vision Official,https://www.youtube.com/watch?v=44APGrasgKA,raipur mandi sabji rate
24July 2026 Durg mandi bhav#tometo #cg #chhattisgarh #viralvideo,2026-07-24,@mandi bhav-Durg,https://www.youtube.com/watch?v=jhLj560FbKI,durg mandi sabji rate
24 July 2026 Durg mandi Chhattisgarh #mandi_bhav-Durg1 #cg #farming #chhattisgarh ,2026-07-24,@mandi bhav-Durg,https://www.youtube.com/watch?v=Cbd4nhdj0DY,durg mandi sabji rate
आज ke vlog  राजनांदगांव सब्जी मंडी में फिर से टमाटर के रेट में भारी गिरावट देखने को मिली।😲 #vlogs ,2026-07-24,CG Gulli boy comedy videos,https://www.youtube.com/watch?v=Qjw1Sq9L3ws,rajnandgaon mandi bhav
नई सरसों का ताजा भाव आज का अलवर मंडी! सरसों के भाव में आया जोरदार उछाल देखें? Sarso Ka Bhav Today,2026-07-24,Alwar Pyaj Mandi,https://www.youtube.com/watch?v=zH3tJBXzQEE,chhattisgarh mandi bhav today
"Gold Rate Today, 16 सितम्बर 2026 Aaj Ka Sone Ka Bhav | Sone Ka Bhav | Today Gold Rate",2026-07-24,Gold update India,https://www.youtube.com/watch?v=yFnzADbO2lk,chhattisgarh mandi bhav today
Date 23/07/26 JSR सब्जी मंडी बेमेतरा छत्तीसगढ़ मेथी का रेट 40रू से 60रू #bemetara #news #cg #सब्जी,2026-07-24,JSR SABJI WALA,https://www.youtube.com/watch?v=CQ57BZNFDxo,chhattisgarh mandi sabji rate
Date 23/07/26 JSR सब्जी मंडी बेमेतरा छत्तीसगढ़ मूली का रेट 20रू से 30रू #bemetara #news #cg #सब्जी,2026-07-24,JSR SABJI WALA,https://www.youtube.com/watch?v=rV1sujl_XyY,chhattisgarh mandi sabji rate
Date 22/07/26 JSR सब्जी मंडी बेमेतरा छत्तीसगढ़ गोभी का रेट 25रू से 45रू #bemetara #news #cg #सब्जी,2026-07-24,JSR SABJI WALA,https://www.youtube.com/watch?v=CGmnNWenw28,chhattisgarh mandi sabji rate
Date 22/07/26 JSR सब्जी मंडी बेमेतरा छत्तीसगढ़ लौकी का रेट 5रू से 15रू #bemetara #news #cg #सब्जी,2026-07-24,JSR SABJI WALA,https://www.youtube.com/watch?v=vAR_YZctZH0,chhattisgarh mandi sabji rate
23 July 2026 टमाटर आज और भी सस्ता हो गया Dhamdha Mandi Chhattisgarh #Rohansabjiwala #cg #farming ,2026-07-23,ROHAN SABJIWALA ,https://www.youtube.com/watch?v=K6xYAa2hBtA,raipur mandi sabji rate
सब्जियों के भाव रेट जानें 🥦🫑🥒🍆🌶️ 23 जुलाई 2026 भोपालमंडी #सब्जियां #वेजिटेबल #मिर्ची_भाव 🔥🔥#sabjiyan,2026-07-23,कृषि  विचार,https://www.youtube.com/watch?v=NemiNJSsaUs,raipur mandi sabji rate
23 july rajnandgaon सब्जी मंडी थोक भाव # #farmer#mandibhav #rajnandgaon #marketvlog,2026-07-23,Mr. Agriman..🌱,https://www.youtube.com/watch?v=NaBBusmR77c,rajnandgaon mandi bhav
23 जुलाई 2026 आज सब्जी टमाटर थोक मंडी भाव राजनांदगांव सब्जी मंडी छत्तीसगढ़। rajnandgaon sabji Mandi ,2026-07-23,Hemant vaishnav ,https://www.youtube.com/watch?v=jVHLTwDZk7Y,rajnandgaon mandi bhav
"Gold Rate Today, 10 अगस्त 2026 Aaj Ka Sone Ka Bhav | Sone Ka Bhav | Today Gold Rate",2026-07-23,Gold update India,https://www.youtube.com/watch?v=IvwzXneHkzU,chhattisgarh mandi bhav today
22 july 2026 टमाटर 450 रूपये कैरेट बिक रहा है😱 #ambikapur#surajpur#mandi  #vlogger ,2026-07-22, Ashish08 Vlog,https://www.youtube.com/watch?v=2ttjb6Swvdk,raipur mandi sabji rate
कवर्धा सब्जी मंडी आज का ताजा भाव // 22जुलाई2026 बारिश के कारण रेट में भारी गिरावट kawardha mandi ,2026-07-22,Cg Laxmi Vlogss,https://www.youtube.com/watch?v=vjcRmRkPuB8,raipur mandi sabji rate
22 जुलाई ￼Rajnandgaon सभी मंडी बाई थोक भाव#mandibhav # #farmer #minivlog #farmer#rajnandgaon,2026-07-22,Mr. Agriman..🌱,https://www.youtube.com/watch?v=MUv8gcajeEc,rajnandgaon mandi bhav
22 जुलाई 2026 आज सब्जी टमाटर थोक मंडी भाव राजनांदगांव सब्जी मंडी छत्तीसगढ़। rajnandgaon sabji Mandi ,2026-07-22,Hemant vaishnav ,https://www.youtube.com/watch?v=ea434Y8Rap0,rajnandgaon mandi bhav
22 July 2026 टमाटर सस्ता है आज tomoto price today Dhamdha Mandi Chhattisgarh #Rohansabjiwala #cg ,2026-07-22,ROHAN SABJIWALA ,https://www.youtube.com/watch?v=gJky4AR1q1I,chhattisgarh mandi bhav today
Date 21/07/26 JSR सब्जी मंडी बेमेतरा छत्तीसगढ़ भिन्डी का रेट 20रू से 30रू #bemetara #news #cg #सब्जी,2026-07-22,JSR SABJI WALA,https://www.youtube.com/watch?v=T2RU6RFQAYQ,chhattisgarh mandi sabji rate
21 july 2026 टमाटर 600 रूपये कैरेट बिक रहा है😱 #ambikapur#surajpur#mandi  #vlog,2026-07-21, Ashish08 Vlog,https://www.youtube.com/watch?v=wo3dSZNfpoQ,raipur mandi sabji rate
21 जुलाई 2026 आज सब्जी टमाटर थोक मंडी भाव राजनांदगांव सब्जी मंडी today vegetables wholesale price ,2026-07-21,Hemant vaishnav ,https://www.youtube.com/watch?v=fDCYW2-kVVY,rajnandgaon mandi bhav
21 July 2026 आज का टमाटर भाव Dhamdha Mandi Chhattisgarh #Rohansabjiwala #cg #farming #food ,2026-07-21,ROHAN SABJIWALA ,https://www.youtube.com/watch?v=fgeJaVwPhME,chhattisgarh mandi bhav today
Aaj ka pyaj bhav 21 July 2026 shajapur mandi || today pyaj rate || Aaj ka pyaj bhav,2026-07-21,Laksh Irrigation,https://www.youtube.com/watch?v=8_BSYnS9f0s,chhattisgarh mandi bhav today
Date 20/07/26 JSR सब्जी मंडी बेमेतरा छत्तीसगढ़ गोभी का रेट 30रू से 45रू #bemetara #news #cg #सब्जी,2026-07-21,JSR SABJI WALA,https://www.youtube.com/watch?v=5p3_5CRhHIA,chhattisgarh mandi sabji rate
20 july 2026  टमाटर 285 रुपये कैरेट बिक रहा है😱 #ambikapur#surajpur#mandi  #vlog,2026-07-20, Ashish08 Vlog,https://www.youtube.com/watch?v=Qxv5gb_JQUE,raipur mandi sabji rate
इंदौर चोइथराम सब्जी मंडी भाव | आज का ताज़ा सब्जी रेट | #indoremanditazabhav #vegetables #agriculture,2026-07-20,Sabji Mandi Bhav,https://www.youtube.com/watch?v=fuKkpq_456w,raipur mandi sabji rate
20 July 2026 आज का टमाटर भाव आज क्या भाव बिका टमाटर Dhamdha Mandi Chhattisgarh #Rohansabjiwala #cg ,2026-07-20,ROHAN SABJIWALA ,https://www.youtube.com/watch?v=fOgXWKLvnV8,chhattisgarh mandi bhav today
"Gold Rate Today, 01 अगस्त 2026 Aaj Ka Sone Ka Bhav | Sone Ka Bhav | Today Gold Rate",2026-07-20,Gold update India,https://www.youtube.com/watch?v=xm4xSUGQkno,chhattisgarh mandi bhav today
19 July 2026 आज का टमाटर भाव धमधा मंडी छत्तीसगढ़ #Rohansabjiwala #food #tomato #vegetables ,2026-07-19,ROHAN SABJIWALA ,https://www.youtube.com/watch?v=rEkxWFxq7R0,raipur mandi sabji rate
19 july 2026  टमाटर 🍅 400 रुपये कैरेट बिक रहा है😱 #ambikapur#surajpur#mandi  #vlog,2026-07-19, Ashish08 Vlog,https://www.youtube.com/watch?v=VUHLTt35tXs,raipur mandi sabji rate
19 जुलाई 2026 आज सब्जी टमाटर थोक मंडी भाव राजनांदगांव सब्जी मंडी today vegetables wholesale price ,2026-07-19,Hemant vaishnav ,https://www.youtube.com/watch?v=313SmjSM63Y,rajnandgaon mandi bhav
Date 19/07/26 JSR सब्जी मंडी बेमेतरा छत्तीसगढ़ मेथी का रेट 100रू से 120रू #bemetara #news #cg #सब्जी,2026-07-19,JSR SABJI WALA,https://www.youtube.com/watch?v=95CUiuNAB-A,chhattisgarh mandi sabji rate
इंदौर चोइथराम सब्जी मंडी भाव | आज का ताज़ा सब्जी रेट | #indoremanditazabhav #vegetables ,2026-07-19,Sabji Mandi Bhav,https://www.youtube.com/watch?v=b5T2EjozQhU,chhattisgarh mandi sabji rate
18 July 2026 टमाटर बहुत सस्ता है यहाँ मिलेगा सस्ते मे टमाटर गंडई मंडी छत्तीसगढ़ #Rohansabjiwala #cg ,2026-07-18,ROHAN SABJIWALA ,https://www.youtube.com/watch?v=xSg8KhDXZF4,raipur mandi sabji rate
सुपर vip प्याज़ 3100 बिका 🤩 // pyaj bhav indore mp #pyaj #onion #mandi,2026-07-18,Sabji Mandi Indore,https://www.youtube.com/watch?v=vDNmRDMtVLU,chhattisgarh mandi bhav today
18 july 2026  अदरक 🫚 180रुपये किलो बिक रहा है #ambikapur#surajpur#mandi  #vlog,2026-07-18, Ashish08 Vlog,https://www.youtube.com/watch?v=a8m7zcej5jo,chhattisgarh mandi bhav today
18 July 2026 सब्जियों के भाव मे भारी गिरावट😳😳 - इंदौर मंडी // sabji mandi indore - aaj ka taja bhav ,2026-07-18,Sabji Mandi Indore,https://www.youtube.com/watch?v=oo3OvmLmGBQ,chhattisgarh mandi bhav today
"Gold Rate Today, 04 अगस्त 2026 Aaj Ka Sone Ka Bhav | Sone Ka Bhav | Today Gold Rate",2026-07-18,Gold update India,https://www.youtube.com/watch?v=Q3eu2yhk1hg,chhattisgarh mandi bhav today
17 जुलाई 2026 आज सब्जी टमाटर थोक मंडी भाव राजनांदगांव सब्जी मंडी। today vegetables wholesale price ,2026-07-17,Hemant vaishnav ,https://www.youtube.com/watch?v=vGna4nn_xt8,rajnandgaon mandi bhav
"Gold Rate Today, 04 अगस्त 2026 Aaj Ka Sone Ka Bhav | Sone Ka Bhav | Today Gold Rate",2026-07-17,Gold update India,https://www.youtube.com/watch?v=OjWTQEwSlyw,chhattisgarh mandi bhav today
सब्जी मंडी इंदौर 🫑🍅🥔🧄// mp mandi bhav // #sabjimandi #tomato #mirchi,2026-07-16,Sabji Mandi Indore,https://www.youtube.com/watch?v=aIhPeYaXX-4,raipur mandi sabji rate
16 July 2026 आज का टमाटर भाव tomoto price today Dhamdha Mandi Chhattisgarh #Rohansabjiwala #cg #food,2026-07-16,ROHAN SABJIWALA ,https://www.youtube.com/watch?v=cKCz467tBYI,raipur mandi sabji rate
16 july 2026 अदरक 🫚 150 रुपये किलो बिक रहा है😱 #ambikapur#surajpur#mandi  chhattisgarh#sarguja#vlog,2026-07-16, Ashish08 Vlog,https://www.youtube.com/watch?v=3JQL4Ppix98,raipur mandi sabji rate
16 जुलाई 2026 आज सब्जी टमाटर थोक मंडी भाव राजनांदगांव सब्जी मंडी। today vegetables wholesale price ,2026-07-16,Hemant vaishnav ,https://www.youtube.com/watch?v=SNDRJ77NIcs,rajnandgaon mandi bhav
15 July 2026 आज का टमाटर भाव धनिया मंहगा है गोभी मंहगा Dhamdha Mandi Chhattisgarh #Rohansabjiwala ,2026-07-15,ROHAN SABJIWALA ,https://www.youtube.com/watch?v=CnumL8e0VrY,raipur mandi sabji rate
"आज अचानक बढ़ा सभी सब्जियों का रेट, देखें रिपोर्ट ",2026-07-15,JHARKHANDI VLOGGER,https://www.youtube.com/watch?v=q5459RS1chw,raipur mandi sabji rate
15 july 2026 धनिया 180 रुपये किलो बिक रहा है😱 #ambikapur#surajpur#mandi  chhattisgarh#sarguja#vlog,2026-07-15, Ashish08 Vlog,https://www.youtube.com/watch?v=DkwUynE5FFc,raipur mandi sabji rate
इंदौर चोइथराम सब्जी मंडी भाव | आज का ताज़ा सब्जी रेट | #indoremanditazabhav #vegetables #agricultur,2026-07-15,Sabji Mandi Bhav,https://www.youtube.com/watch?v=ege2hNP_NvU,raipur mandi sabji rate
15 जुलाई 2026 आज सब्जी टमाटर थोक मंडी भाव राजनांदगांव सब्जी मंडी today vegetables wholesale price ,2026-07-15,Hemant vaishnav ,https://www.youtube.com/watch?v=FbSpkimWDv0,rajnandgaon mandi bhav
"Gold Rate Today, 31 जुलाई 2026 Aaj Ka Sone Ka Bhav | Sone Ka Bhav | Today Gold Rate",2026-07-15,Gold update India,https://www.youtube.com/watch?v=O6qWU9Id13U,chhattisgarh mandi bhav today
14 July 2026 आज का टमाटर भाव Aaj ka mandi bhav Dhamdha Mandi Chhattisgarh #Rohansabjiwala  #farming ,2026-07-14,ROHAN SABJIWALA ,https://www.youtube.com/watch?v=FhNY1B6wUGE,raipur mandi sabji rate
सब्जियों के भाव रेट जानें 🥦🫑🥒🌶️ 14 जुलाई 2026 भोपाल मंडी #sabjiyan #सब्जियां,2026-07-14,कृषि  विचार,https://www.youtube.com/watch?v=TkLkVCpbXoc,bhilai mandi sabji rate
14 जुलाई राजनांदगांव थोक सब्जी मंडी भाव #mandibhav#marketvlog#minivlog#farming#rajnandgaon,2026-07-14,Mr. Agriman..🌱,https://www.youtube.com/watch?v=HIIGT3r44v8,rajnandgaon mandi bhav
14 जुलाई 2026 आज सब्जी टमाटर थोक मंडी भाव राजनांदगांव सब्जी मंडी। today vegetables wholesale price ,2026-07-14,Hemant vaishnav ,https://www.youtube.com/watch?v=n7_27qn7a7I,rajnandgaon mandi bhav
India chhatisgarh  Bilaspur  sabji mandi ,2026-07-14,Dilip Danuwar,https://www.youtube.com/watch?v=EibACT0pmXw,bilaspur mandi sabji rate
"Gold Rate Today, 28 जुलाई 2026 Aaj Ka Sone Ka Bhav | Sone Ka Bhav | Today Gold Rate",2026-07-14,Gold update India,https://www.youtube.com/watch?v=ewVh30pIgnE,chhattisgarh mandi bhav today
अब प्याज में आयेगी तूफानी तेजी।प्याज मंडी भाव | Pyaj Mandi Bhav Today | प्याज तेजी मंदी रिपोर्ट |,2026-07-14,Aditya thakur kk,https://www.youtube.com/watch?v=7lHPcNlSbCA,chhattisgarh mandi bhav today
Date 14/07/26 JSR सब्जी मंडी बेमेतरा छत्तीसगढ़ गोभी का रेट 40रू से 50रू #news #bemetara #cg #सब्जी,2026-07-14,JSR SABJI WALA,https://www.youtube.com/watch?v=LLcRtD1bj_4,chhattisgarh mandi sabji rate
Date 14/07/26 JSR सब्जी मंडी बेमेतरा छत्तीसगढ़ करेला का रेट 40रू से 60रू #news #bemetara #cg #सब्जी,2026-07-14,JSR SABJI WALA,https://www.youtube.com/watch?v=GkY5E-5lJyY,chhattisgarh mandi sabji rate
14 july 2026 टमाटर 700 रुपये कैरेट बिक रहा है😱 #ambikapur#surajpur#mandi  chhattisgarh#sarguja#vlog,2026-07-14, Ashish08 Vlog,https://www.youtube.com/watch?v=naF-AmtBBjU,chhattisgarh mandi sabji rate
13 July 2026 टमाटर सस्ता है आज मिर्ची मंहगा है Dhamdha Mandi Chhattisgarh #Rohansabjiwala #cg #food ,2026-07-13,ROHAN SABJIWALA ,https://www.youtube.com/watch?v=Xvo1PHSIy2k,raipur mandi sabji rate
सब्जियों के भाव रेट जानें🥦🍆🥒🫑🌶️ 13 जुलाई 2026 भोपाल मंडी #सब्जियां  #vegetable #Bhopal_Mandi,2026-07-13,कृषि  विचार,https://www.youtube.com/watch?v=aQ4qcY61RZM,bhilai mandi sabji rate
"Gold Rate Today, Today 28 जुलाई 2026 Aaj Ka Sone Ka Bhav | Sone Ka Bhav | Today Gold Rate",2026-07-13,Gold update India,https://www.youtube.com/watch?v=3HAYkx4-Jbk,chhattisgarh mandi bhav today
12 july 2026 टमाटर 🍅500 रुपये कैरेट बिक रहा है😱 #ambikapur#surajpur#mandi  chhattisgarh#sarguja#vlog,2026-07-12, Ashish08 Vlog,https://www.youtube.com/watch?v=vFDENE6HNDo,raipur mandi sabji rate
12 जुलाई Rajnandgaon सब्जी मंडी थोक भाव # #marketvlog#mandibhav#rajnandgaon#farmer#minivlog,2026-07-12,Mr. Agriman..🌱,https://www.youtube.com/watch?v=gzFY9arAPSI,rajnandgaon mandi bhav
12 July 2026 आज का टमाटर भाव धनिया बहुत मंहगा है Dhamdha Mandi Chhattisgarh #Rohansabjiwala #cg ,2026-07-12,ROHAN SABJIWALA ,https://www.youtube.com/watch?v=rVKlHklbXSQ,chhattisgarh mandi bhav today
Date 12/07/26 JSR सब्जी मंडी बेमेतरा छत्तीसगढ़ कोचई का रेट 15रू से 32रू #news #bemetara #cg #सब्जी,2026-07-12,JSR SABJI WALA,https://www.youtube.com/watch?v=VgWIVZWVg6Y,chhattisgarh mandi sabji rate
Date 11/07/26 JSR सब्जी मंडी बेमेतरा छत्तीसगढ़ गोभी का रेट 40रू से 55रु #news #bemetara #cg #सब्जी,2026-07-12,JSR SABJI WALA,https://www.youtube.com/watch?v=WuffUNnq_L0,chhattisgarh mandi sabji rate
11 July 2026 आज का टमाटर भाव Gandai mandi Chhattisgarh #Rohansabjiwala #cg #farming #food ,2026-07-11,ROHAN SABJIWALA ,https://www.youtube.com/watch?v=SigFYPxTyHw,raipur mandi sabji rate
सब्जियों के दाम में बड़ा बदलाव! | Kumhari Sabji Mandi Rate Today | CG Mandi Bhav#mbasabjiwala007 ,2026-07-11,Mba sabjiwala 007,https://www.youtube.com/watch?v=h7gqIzFBY2I,raipur mandi sabji rate
11 जुलाई राजनांदगांव सब्जी मंडी भाव 👆#mandi #marketvlog#mandibhav #minivlog #farmer,2026-07-11,Mr. Agriman..🌱,https://www.youtube.com/watch?v=u45ulE-wXNs,rajnandgaon mandi bhav
10 July 2026 आज का टमाटर भाव टमाटर सस्ता सब्जी मंहगा है Dhamdha Mandi Chhattisgarh #Rohansabjiwala ,2026-07-10,ROHAN SABJIWALA ,https://www.youtube.com/watch?v=CWJxlWAkmyQ,raipur mandi sabji rate
10 जुलाई राजनांदगांव सब्जी मंडी थोक भाव # #marketvlog#mandibhav #minivlog#farmer,2026-07-10,Mr. Agriman..🌱,https://www.youtube.com/watch?v=G1qRNjwfSe8,rajnandgaon mandi bhav
"Gold Rate Today, 28 जुलाई 2026 Aaj Ka Sone Ka Bhav | Sone Ka Bhav | Today Gold Rate",2026-07-10,Gold update India,https://www.youtube.com/watch?v=seHw5IPUpx4,chhattisgarh mandi bhav today
9 July 2026 आज का टमाटर भाव सब्जी मंहगा हो रहा है Dhamdha Mandi Chhattisgarh #Rohansabjiwala #cg ,2026-07-09,ROHAN SABJIWALA ,https://www.youtube.com/watch?v=VtZrGTKgPlo,raipur mandi sabji rate
9 july 2026 पूटू 305 रुपये किलो बिक रहा है😱✅ #ambikapur#surajpur#mandi  chhattisgarh#sarguja#vlog,2026-07-09, Ashish08 Vlog,https://www.youtube.com/watch?v=6CVY7yOUaTk,raipur mandi sabji rate
9 जुलाई Rajnandgaon थोक मंडी भाव #mandibhav#minivlog#marketvlog# #farming #rajnandgaon,2026-07-09,Mr. Agriman..🌱,https://www.youtube.com/watch?v=nYtQ8TfovO8,rajnandgaon mandi bhav
आज का मंदसौर मंडी का लहसुन का भाव | Today’s Garlic Rate Mandsaur Mandi | Aaj Ka Lahsun Ka Bhav ,2026-07-09,Neemuch Mandi bhav,https://www.youtube.com/watch?v=Ei-9QsJLiR4,chhattisgarh mandi bhav today
"Gold Rate Today, 28 जुलाई 2026 Aaj Ka Sone Ka Bhav | Sone Ka Bhav | Today Gold Rate",2026-07-09,Gold update India,https://www.youtube.com/watch?v=t_HCJc3Wq_s,chhattisgarh mandi bhav today
8  july 2026 टमाटर 🍅500 रुपये कैरेट बिक रहा है✅ #ambikapur#surajpur#mandi  chhattisgarh#sarguja#vlog,2026-07-08, Ashish08 Vlog,https://www.youtube.com/watch?v=dKfR0m6B3eI,raipur mandi sabji rate
8 जुलाई Rajnandgaon थोक सब्जी मंडी भाव #mandibhav#marketvlog #minivlog #farming #rajnandgaon,2026-07-08,Mr. Agriman..🌱,https://www.youtube.com/watch?v=Spz4VRIQOUI,rajnandgaon mandi bhav
8 July 2026 आज का टमाटर भाव टमाटर थोड़ा उछाल है Dhamdha Mandi Chhattisgarh #Rohansabjiwala #cg ,2026-07-08,ROHAN SABJIWALA ,https://www.youtube.com/watch?v=aI1BZTBGNnU,chhattisgarh mandi bhav today
7 July 2026 आज का टमाटर भाव धनिया और गोभी मंहगा है  Dhamdha Mandi Chhattisgarh #Rohansabjiwala #cg ,2026-07-07,ROHAN SABJIWALA ,https://www.youtube.com/watch?v=_pu3qy80OUg,raipur mandi sabji rate
7  july 2026  फूलगोभी 35 रुपये  बिक रहा है✅ #ambikapur#surajpur#mandi  chhattisgarh#sarguja#vlog,2026-07-07, Ashish08 Vlog,https://www.youtube.com/watch?v=Tlof0A5LceQ,raipur mandi sabji rate
"Gold Rate Today, 12 जुलाई 2026 Aaj Ka Sone Ka Bhav | Sone Ka Bhav | Today Gold Rate",2026-07-07,Gold update India,https://www.youtube.com/watch?v=16T9FhfBfLE,chhattisgarh mandi bhav today
6 july 2026 टमाटर 100 रुपये कैरेट बिक रहा है✅ #ambikapur#surajpur#mandi  chhattisgarh#sarguja#vlog,2026-07-06, Ashish08 Vlog,https://www.youtube.com/watch?v=G7Z7Et_zCN0,raipur mandi sabji rate
6 July 2026 Delhi 🍅 टमाटर होलसेल भाव | Keshopur Mandi | Today Tomato Rate #tamatar #tamatarmandi,2026-07-06,Delhi Fresh Market,https://www.youtube.com/watch?v=A-owQWN_6J8,chhattisgarh mandi bhav today
"Gold Rate Today, 28 अगस्त 2026 Aaj Ka Sone Ka Bhav | Sone Ka Bhav | Today Gold Rate",2026-07-06,Gold update India,https://www.youtube.com/watch?v=EaXQVZ_0T_E,chhattisgarh mandi bhav today
5 July 2026 आज का टमाटर भाव धनिया मंहगा है आज Dhamdha Mandi Chhattisgarh #Rohansabjiwala #cg #food ,2026-07-05,ROHAN SABJIWALA ,https://www.youtube.com/watch?v=Ts8zPRb0qFk,raipur mandi sabji rate
"Gold Rate Today, 28 जुलाई 2026 Aaj Ka Sone Ka Bhav | Sone Ka Bhav | Today Gold Rate",2026-07-05,Gold update India,https://www.youtube.com/watch?v=9-_BYbNKvvE,chhattisgarh mandi bhav today
4  july 2026 टमाटर 500 रुपये कैरेट बिक रहा है✅ #ambikapur#surajpur#mandi  chhattisgarh#sarguja#vlog,2026-07-04, Ashish08 Vlog,https://www.youtube.com/watch?v=j3NLEJ3MR6Y,raipur mandi sabji rate
सब्जियों के भाव रेट जानें 🥦 🫑 🍆 🥦 🥒 4 जुलाई 2026 भोपाल मंडी #सब्जियां #vegetable ,2026-07-04,कृषि  विचार,https://www.youtube.com/watch?v=jDzZ89Ih48I,raipur mandi sabji rate
4 July Rajnandgaon sabji mandi bhav #mandibhav #marketvlog #minivlog #rajnandgaon #farmer,2026-07-04,Mr. Agriman..🌱,https://www.youtube.com/watch?v=XYDccMv-1yY,rajnandgaon mandi bhav
4 July 2026 आज टमाटर सस्ता है टमाटर का कोई लेना वाला नहीं है Rohansabjiwala #cg #farming #food ,2026-07-04,ROHAN SABJIWALA ,https://www.youtube.com/watch?v=xa6b1mmWNlQ,chhattisgarh mandi bhav today
3 जुलाई 2026 आज सब्जी टमाटर थोक मंडी भाव राजनांदगांव सब्जी मंडी। today vegetables wholesale price ,2026-07-03,Hemant vaishnav ,https://www.youtube.com/watch?v=mg1x4_WpCn8,rajnandgaon mandi bhav
3 July 2026 आज का टमाटर भाव Dhamdha Mandi Chhattisgarh #Rohansabjiwala #cg #farming #food ,2026-07-03,ROHAN SABJIWALA ,https://www.youtube.com/watch?v=snFa67eTcvk,chhattisgarh mandi bhav today
"Gold Rate Today, 22 जुलाई 2026 Aaj Ka Sone Ka Bhav | Sone Ka Bhav | Today Gold Rate",2026-07-03,Gold update India,https://www.youtube.com/watch?v=sT7Ze84BsyM,chhattisgarh mandi bhav today
2 july 2026 टमाटर 850 रुपये कैरेट 😱बिक रहा है #ambikapur#surajpur#mandi  chhattisgarh#sarguja#vlog,2026-07-02, Ashish08 Vlog,https://www.youtube.com/watch?v=tP1yMzOLlbo,raipur mandi sabji rate
2 July Rajnandgaon sabji mandi bhav #marketvlog #mandibhav#farmer#rajnandgaon #farmer,2026-07-02,Mr. Agriman..🌱,https://www.youtube.com/watch?v=u3KC43N9nU8,rajnandgaon mandi bhav
2 जुलाई 2026 आज सब्जी टमाटर थोक मंडी भाव राजनांदगांव सब्जी मंडी।rajnandgaon sabji Mandi chhattisgarh,2026-07-02,Hemant vaishnav ,https://www.youtube.com/watch?v=4aYf5W6cerQ,rajnandgaon mandi bhav
1 july 2026 टमाटर 640 रुपये कैरेट 😱बिक रहा है #ambikapur#surajpur#mandi  chhattisgarh#sarguja#vlog,2026-07-01, Ashish08 Vlog,https://www.youtube.com/watch?v=AJ61bR9A8_w,raipur mandi sabji rate
01जुलाई 2026 आज कवर्धा सब्जी मंडी में पानी के भाव सब्जी kawardha mandi bhav Chhattisgarh ,2026-07-01,Cg Laxmi Vlogss,https://www.youtube.com/watch?v=5CdciwKYzjc,raipur mandi sabji rate
1 जुलाई राजनांदगांव सब्जी मंडी भाव 👆#mandibhav #marketvlog #minivlog #rajnandgaon #farmer,2026-07-01,Mr. Agriman..🌱,https://www.youtube.com/watch?v=pTrwwkSjW0M,rajnandgaon mandi bhav
"Silver Rate Today,  Aaj Ka Chandi Ka Bhav | Silver Price Today | Silver Rate Today Delhi",2026-07-01,Free me Jano,https://www.youtube.com/watch?v=OCXpsIDdmDM,chhattisgarh mandi bhav today
"Gold Rate Today, 16 जुलाई 2026 Aaj Ka Sone Ka Bhav | Sone Ka Bhav | Today Gold Rate",2026-07-01,Gold update India,https://www.youtube.com/watch?v=6z7_PdQ9fGo,chhattisgarh mandi bhav today
30 जून 2026 टमाटर 🍅 550 रुपये कैरेट 😱बिक रहा है #ambikapur#surajpur#mandi  chhattisgarh#sarguja#vlog,2026-06-30, Ashish08 Vlog,https://www.youtube.com/watch?v=0RHy8or4Le0,raipur mandi sabji rate
30 जून 2026 आज सब्जी टमाटर थोक मंडी भाव राजनांदगांव सब्जी मंडी। today rajnandgaon vegetables price ,2026-06-30,Hemant vaishnav ,https://www.youtube.com/watch?v=wZmHjCFjJ9U,rajnandgaon mandi bhav
30 June 2026 आज का टमाटर भाव आज का मंडी Dhamdha Mandi Chhattisgarh #Rohansabjiwala #cg #farming ,2026-06-30,ROHAN SABJIWALA ,https://www.youtube.com/watch?v=ZVnXsELejQg,chhattisgarh mandi bhav today
"देशी ऊटी लहसुन भाव पिपलिया मंडी New Garlic Price Today Pipliya Mandi June 30, 2026",2026-06-30,Royal Kissan,https://www.youtube.com/watch?v=V-ajmXbdFQo,chhattisgarh mandi bhav today
30 June 2026 Delhi 🍅 टमाटर होलसेल भाव | Keshopur Mandi | Today Tomato Rate #tamatar #tamatarmandi,2026-06-30,Delhi Fresh Market,https://www.youtube.com/watch?v=8KrEnYbURU4,chhattisgarh mandi bhav today
29 June 2026 आज का टमाटर भाव Dhamdha Mandi Chhattisgarh #Rohansabjiwala #cg #farming #food ,2026-06-29,ROHAN SABJIWALA ,https://www.youtube.com/watch?v=jyujS2eKcVs,raipur mandi sabji rate
29 जून 2026 टमाटर 🍅 150 रुपये कैरेट 😱बिक रहा है #ambikapur#surajpur#mandi  chhattisgarh#sarguja#vlog,2026-06-29, Ashish08 Vlog,https://www.youtube.com/watch?v=ghi7YYyyxOM,raipur mandi sabji rate
बाराबंकी सब्जी मंडी का आज का भाव 🍊 Ginger rate today 👌 sabji mandi ka bhav 🥔 sabji ke bhav 🌶 mandi ,2026-06-29,Shafeeq Barabanki ,https://www.youtube.com/watch?v=qwtNEYbc3HQ,raipur mandi sabji rate
"सफेद मूसली,ईरानी देसी अकरकरा शतावरी अदरक नीम्बू औषधि मंडी भाव#mandi#मंडी#मंडीभाव#mandibhav #नीमचमंडी",2026-06-29,औषधि बाजार नीमच ,https://www.youtube.com/watch?v=yhRf71r5lQQ,chhattisgarh mandi bhav today
"Gold Rate Today, 16 सितम्बर 2026 Aaj Ka Sone Ka Bhav | Sone Ka Bhav | Today Gold Rate",2026-06-29,Gold update India,https://www.youtube.com/watch?v=ywmdncHYZq0,chhattisgarh mandi bhav today
28 जून 2026 धनिया 82 ￼रुपये किलो 😱बिक रहा है #ambikapur#surajpur#mandi  chhattisgarh#sarguja#vlog,2026-06-28, Ashish08 Vlog,https://www.youtube.com/watch?v=K_JVnSaDfKs,raipur mandi sabji rate
28 June 2026 आज टमाटर सस्ता है Dhamdha Mandi Chhattisgarh #Rohansabjiwala #cg #farming #food ,2026-06-28,ROHAN SABJIWALA ,https://www.youtube.com/watch?v=Ui3Ps3itHEA,chhattisgarh mandi bhav today
27 June 2026 आज का टमाटर भाव Gandai mandi Chhattisgarh #Rohansabjiwala #cg #farming #food #tomato ,2026-06-27,ROHAN SABJIWALA ,https://www.youtube.com/watch?v=U8AViQoGwMk,raipur mandi sabji rate
27 जून 2026 आज सब्जी टमाटर थोक मंडी भाव राजनांदगांव सब्जी मंडी। today vegetables wholesale price ,2026-06-27,Hemant vaishnav ,https://www.youtube.com/watch?v=4-dtAdHbxUo,rajnandgaon mandi bhav
मूली का भाव बिलासपुर मंडी।। muli ka bhav Bilaspur Mandi #comedy #food #shorts #like,2026-06-27,Ganesh Sabji Vlogs ,https://www.youtube.com/watch?v=SKqo26dc2n0,bilaspur mandi sabji rate
26 June 2026 टमाटर सस्ता भी मिलेगा मंहगा भी मिलेगा Dhamdha Mandi Chhattisgarh #Rohansabjiwala #cg ,2026-06-26,ROHAN SABJIWALA ,https://www.youtube.com/watch?v=ouMiSCJuoos,raipur mandi sabji rate
26 जून राजनांदगांव सब्जी मंडी भाव #mandibhav #rajnandgaon #marketvlog#farmer #minivlog,2026-06-26,Mr. Agriman..🌱,https://www.youtube.com/watch?v=oaVUwe8epkc,rajnandgaon mandi bhav
25 जून राजनांदगांव सब्जी मंडी भाव 👆#mandibhav #marketvlog#rajnandgaon #farmer #minivlog,2026-06-25,Mr. Agriman..🌱,https://www.youtube.com/watch?v=iq8DLihb2Zo,rajnandgaon mandi bhav
24 जून 2026 टमाटर 460रुपये कैरेट 😱बिक रहा है #ambikapur#surajpur#mandi  chhattisgarh#sarguja#vlog,2026-06-24, Ashish08 Vlog,https://www.youtube.com/watch?v=iaAHRkG35U0,raipur mandi sabji rate
Bhilai mandi today rate 24.06.26 ka#bhilai akashganga#bhilai sabji rate#bhilai sabji mandi#cg sabji,2026-06-24,lokesh sabji market ,https://www.youtube.com/watch?v=mV5cYObF9Ls,bhilai mandi sabji rate
24 जून राजनांदगांव सब्जी मंडी भाव 👆#mandibhav #marketvlog #rajnandgaon #farmer #minivlog #mandi,2026-06-24,Mr. Agriman..🌱,https://www.youtube.com/watch?v=JbhFsIx-0RA,rajnandgaon mandi bhav
24 जून 2026 आज सब्जी टमाटर थोक मंडी भाव राजनांदगांव सब्जी मंडी। today vegetables wholesale price  ,2026-06-24,Hemant vaishnav ,https://www.youtube.com/watch?v=AVvWVAJxgGc,rajnandgaon mandi bhav
23 जून 2026 टमाटर 350 रुपये कैरेट 😱बिक रहा है #ambikapur#surajpur#mandi  chhattisgarh#sarguja#vlog,2026-06-23, Ashish08 Vlog,https://www.youtube.com/watch?v=7vE7FHg1hQc,raipur mandi sabji rate
"फल-सब्जी उपमंडी तिफरा, बिलासपुर 📍|| Fruit And Vegetables Mandi Tifra Bilaspur",2026-06-23,Chhattisgarh_Vibes ,https://www.youtube.com/watch?v=-NwrJUJX3WU,bilaspur mandi sabji rate
23 June 2026 टमाटर सस्ता है आज मिर्ची धनिया मंहगा है #Rohansabjiwala #cg #farming #food ,2026-06-23,ROHAN SABJIWALA ,https://www.youtube.com/watch?v=Y3N7pvzBJ3o,chhattisgarh mandi bhav today
आज सब्जी के रेट हुए डॉउन || सब्जियों की हुई बंपर आवक ||today vegetable price !! Bareilly Mandi up !,2026-06-22,bpl Mourya vlog ,https://www.youtube.com/watch?v=89TV0o32Ppc,raipur mandi sabji rate
आने वाले समय में टमाटर भाव क्या होंगे ,2026-06-22,Agro Jeevan,https://www.youtube.com/watch?v=_Kbj1klxkJA,chhattisgarh mandi bhav today
21 जून 2026 टमाटर 🍅 750 रुपये कैरेट 😱बिक रहा है #ambikapur#surajpur#mandi  chhattisgarh#sarguja#vlog,2026-06-21, Ashish08 Vlog,https://www.youtube.com/watch?v=gXftHE_e5sE,raipur mandi sabji rate
21 June 2026 आज का टमाटर भाव Dhamdha Mandi Chhattisgarh #Rohansabjiwala #cg #farming #food ,2026-06-21,ROHAN SABJIWALA ,https://www.youtube.com/watch?v=qIDH0ZKPw18,chhattisgarh mandi bhav today
"Gold Rate Today, 16 सितम्बर 2026 Aaj Ka Sone Ka Bhav | Sone Ka Bhav | Today Gold Rate",2026-06-21,Gold update India,https://www.youtube.com/watch?v=eN35qMh7RII,chhattisgarh mandi bhav today
20 जून 2026 टमाटर 🍅 800 रुपये कैरेट 😱बिक रहा है #ambikapur#surajpur#mandi  chhattisgarh#sarguja#vlog,2026-06-20, Ashish08 Vlog,https://www.youtube.com/watch?v=5EDc48znzHA,raipur mandi sabji rate
कवर्धा सब्जी मंडी आज का ताजा रेट देखिये 20/06/2026 kawardha chhattisgarh sabji mandi bhaw ,2026-06-20,Cg Laxmi Vlogss,https://www.youtube.com/watch?v=eTIvigfUVvc,raipur mandi sabji rate
20 जून राजनांदगांव सब्जी मंडी भाव 👆#mandibhav #marketvlog #minivlog #farmer,2026-06-20,Mr. Agriman..🌱,https://www.youtube.com/watch?v=N81UvvtuEJc,rajnandgaon mandi bhav
20 जून 2026 आज सब्जी टमाटर थोक मंडी भाव राजनांदगांव सब्जी मंडी। today vegetables wholesale price ,2026-06-20,Hemant vaishnav ,https://www.youtube.com/watch?v=YcR8WbMuBoI,rajnandgaon mandi bhav
छत्तीसगढ़ का सबसे बड़ा सब्जी मंडी बिलासपुर  तिफरा सब्जी मंडी  😱 #bilaspursabjimandi #bilaspur ,2026-06-20,ATISH KI DUNIYA 🔥,https://www.youtube.com/watch?v=R-8wqU-JgTM,bilaspur mandi sabji rate
बिलासपुर तिफरा सब्जी मंडी  धनिया का रेट,2026-06-20,RK9 series ,https://www.youtube.com/watch?v=dSJQ-9F35XA,bilaspur mandi sabji rate
20 June 2026 आज का टमाटर भाव छत्तीसगढ़ से tomoto price today #Rohansabjiwala #cg #farming ,2026-06-20,ROHAN SABJIWALA ,https://www.youtube.com/watch?v=BozVl7OxX28,chhattisgarh mandi bhav today
"Gold Rate Today, 02 जुलाई 2026 Aaj Ka Sone Ka Bhav | Sone Ka Bhav | Today Gold Rate",2026-06-20,Gold update India,https://www.youtube.com/watch?v=3NTyBdZABHI,chhattisgarh mandi bhav today
कुंदरू परवल का मंडी भाव Dhamdha Mandi Chhattisgarh #Rohansabjiwala #cg #farming #food,2026-06-19,ROHAN SABJIWALA ,https://www.youtube.com/watch?v=tPpCn2qJ_Ig,raipur mandi sabji rate
19 जून 2026 आज सब्जी टमाटर थोक मंडी भाव राजनांदगांव सब्जी मंडी। today vegetables wholesale price ,2026-06-19,Hemant vaishnav ,https://www.youtube.com/watch?v=DFQPoiH4iO8,rajnandgaon mandi bhav
"Gold Rate Today, 14 जुलाई 2026 Aaj Ka Sone Ka Bhav | Sone Ka Bhav | Today Gold Rate",2026-06-19,Gold update India,https://www.youtube.com/watch?v=fTgAQPdhR3U,chhattisgarh mandi bhav today
18 जून 2026 टमाटर 730 रुपये कैरेट 😱बिक रहा है #ambikapur#surajpur#mandi  chhattisgarh#sarguja#vlog ,2026-06-18, Ashish08 Vlog,https://www.youtube.com/watch?v=FmWIuaQ-InM,raipur mandi sabji rate
18 जून राजनांदगांव सब्जी मंडी भाव 👆#mandibhav #marketvlog #rajnandgaon #farming,2026-06-18,Mr. Agriman..🌱,https://www.youtube.com/watch?v=ALG7iqBdC5s,rajnandgaon mandi bhav
"Gold Rate Today, 30 जून 2026 Aaj Ka Sone Ka Bhav | Sone Ka Bhav | Today Gold Rate",2026-06-18,Gold update India,https://www.youtube.com/watch?v=QaOnbib5Aqg,chhattisgarh mandi bhav today
बीजुपारा सब्जी मंडी में आज सब्जियों का ताजा रेट।,2026-06-17,JHARKHANDI VLOGGER,https://www.youtube.com/watch?v=jQzOOr-g14I,bhilai mandi sabji rate
बिलासपुर तिफरा सब्जी मंडी #sabji  #minivlog,2026-06-17,RK9 series ,https://www.youtube.com/watch?v=sIVniFWtfh0,bilaspur mandi sabji rate
16 जून 2026 टमाटर 600 रुपये कैरेट 😱बिक रहा है #ambikapur#surajpur#mandi  chhattisgarh#sarguja#vlog ,2026-06-16, Ashish08 Vlog,https://www.youtube.com/watch?v=pibqbN6P7iE,raipur mandi sabji rate
16 जून राजनांदगांव सब्जी मंडी भाव 👆@KirtiAgritechofficial #mandibhav #marketvlog #rajnandgaon ,2026-06-16,Mr. Agriman..🌱,https://www.youtube.com/watch?v=U0JwNqfabls,rajnandgaon mandi bhav
16 जून 2026 आज सब्जी टमाटर थोक मंडी भाव राजनांदगांव सब्जी मंडी। today vegetables wholesale price ,2026-06-16,Hemant vaishnav ,https://www.youtube.com/watch?v=bgKnF0TvkDY,rajnandgaon mandi bhav
नीमच औषधि मंडी आज का ताज़ा भाव | दुर्लभ जड़ी-बूटियों की LIVE मंडी । Neemuch Mandi। Sanjay Dhakad,2026-06-16,Neemuch Mandi ,https://www.youtube.com/watch?v=48uCYnk7V8o,chhattisgarh mandi bhav today
Neemuch Mandi Gehun Bhav Today | नीमच मंडी गेहूं का ताजा भाव आज | Wheat Rate 2026,2026-06-16,farmer mindset,https://www.youtube.com/watch?v=-XBkhoI0yNA,chhattisgarh mandi bhav today
15 June 2026 आज का टमाटर भाव Dhamdha Mandi Chhattisgarh #Rohansabjiwala #cg #farming #food ,2026-06-15,ROHAN SABJIWALA ,https://www.youtube.com/watch?v=HO8ulX52qkA,raipur mandi sabji rate
टमाटर का गिरा रेट बाकी सब्जियों ने तोड़ा रिकॉर्ड।,2026-06-15,JHARKHANDI VLOGGER,https://www.youtube.com/watch?v=jlwpp3tG_R8,raipur mandi sabji rate
15 जून 2026 टमाटर 900 रुपये कैरेट 😱बिक रहा है #ambikapur#surajpur#mandi  chhattisgarh#sarguja#vlog ,2026-06-15, Ashish08 Vlog,https://www.youtube.com/watch?v=1WP0sbP_SD0,raipur mandi sabji rate
"देशी ऊटी लहसुन भाव पिपलिया मंडी New Garlic Price Today Pipliya Mandi June 15, 2026",2026-06-15,Royal Kissan,https://www.youtube.com/watch?v=9UTcL5h_UmM,chhattisgarh mandi bhav today
14 June 2026 आज का टमाटर भाव बैंगलोर tamatar भाव Dhamdha Mandi Chhattisgarh #Rohansabjiwala #farming,2026-06-14,ROHAN SABJIWALA ,https://www.youtube.com/watch?v=xPoqN-5h0ao,raipur mandi sabji rate
14 जून 2026 टमाटर 850 रुपये कैरेट 😱बिक रहा है #ambikapur#surajpur#mandi  chhattisgarh#sarguja#vlog ,2026-06-14, Ashish08 Vlog,https://www.youtube.com/watch?v=ssJZdCRNvUQ,raipur mandi sabji rate
14 जून राजनांदगांव सब्जी मंडी भाव 👆 #marketvlog #mandibhav #rajnandgaon #farming #farmer,2026-06-14,Mr. Agriman..🌱,https://www.youtube.com/watch?v=EUC8B3pXc5Y,rajnandgaon mandi bhav
13 जून 2026 टमाटर 950 रुपये कैरेट 😱बिक रहा है #ambikapur#surajpur#mandi  chhattisgarh#sarguja#vlog ,2026-06-13, Ashish08 Vlog,https://www.youtube.com/watch?v=gzONWsQ-BCY,raipur mandi sabji rate
दसरी आम मे गिरावट 😳- fruit mandi indore #food #mango #fruit,2026-06-13,Sabji Mandi Indore,https://www.youtube.com/watch?v=j1zIpXjKHRU,raipur mandi sabji rate
13 जून राजनांदगांव सब्जी मंडी भाव 👆#mandibhav #marketvlog #rajnandgaon #farmer #minivlog,2026-06-13,Mr. Agriman..🌱,https://www.youtube.com/watch?v=oKZDfaYg-OQ,rajnandgaon mandi bhav
13 June 2026 आज का टमाटर भाव बैंगलोर टमाटर भाव गंडई मंडी छत्तीसगढ़ #Rohansabjiwala #food #tomato ,2026-06-13,ROHAN SABJIWALA ,https://www.youtube.com/watch?v=IcoXQpVqUBY,chhattisgarh mandi bhav today
12 जून 2026 फुलगोभी 39 रुपये किलो 😱बिक रहा है #ambikapur#surajpur#mandi  chhattisgarh#sarguja#vlog ,2026-06-12, Ashish08 Vlog,https://www.youtube.com/watch?v=gVZa5B0XwlU,raipur mandi sabji rate
12 जून राजनांदगांव सब्जी मंडी भाव 👆#mandibhav #marketvlog #minivlog #farmer,2026-06-12,Mr. Agriman..🌱,https://www.youtube.com/watch?v=GeV5s1-FUwQ,rajnandgaon mandi bhav
12 June 2026 आज का टमाटर भाव आज सस्ता बिका या मंहगा tomoto price today #Rohansabjiwala #cg #farming ,2026-06-12,ROHAN SABJIWALA ,https://www.youtube.com/watch?v=WtxBF7s2lnM,chhattisgarh mandi bhav today
Jamun Market Report Today | 11 June 2026 | जामुन का ताज़ा भाव ,2026-06-11,Moradabad Mandi,https://www.youtube.com/watch?v=pKYqUtwjX0I,chhattisgarh mandi bhav today
10 June 2026 आज का टमाटर भाव टमाटर मे तेजी है Dhamdha Mandi Chhattisgarh #Rohansabjiwala #cg #food ,2026-06-10,ROHAN SABJIWALA ,https://www.youtube.com/watch?v=8B9HKn7R3o0,raipur mandi sabji rate
10 जून राजनांदगांव सब्जी मंडी भाव 👆#mandibhav #marketvlog #rajnandgaon #farmer,2026-06-10,Mr. Agriman..🌱,https://www.youtube.com/watch?v=v8xxPwYUf2M,rajnandgaon mandi bhav
9 जून 2026 फुलगोभी 27 रुपये  किलो 😱बिक रहा है #ambikapur#surajpur#mandi  chhattisgarh#sarguja #vlog,2026-06-09, Ashish08 Vlog,https://www.youtube.com/watch?v=Nfjk2ZrVhE8,raipur mandi sabji rate
बिलासपुर तिफरा सब्जी मंडी धनिया का रेट #viral,2026-06-09,Kalyan   100k views.  5 minutes ago.              ,https://www.youtube.com/watch?v=dm7eZu1FtR8,bilaspur mandi sabji rate
8 जून 2026 टमाटर 1110 रुपये कैरेट 😱बिक रहा है #ambikapur#surajpur#mandi  chhattisgarh#sarguja #vlog,2026-06-08, Ashish08 Vlog,https://www.youtube.com/watch?v=MEwtszyF7ZU,raipur mandi sabji rate
सब्जी मंडी में आया भूचाल‼️🔥💥 रेट सुनकर पैर तले जमीन खिसक जाएगी!#sabji #vlog #sabjimandi #kumhari ,2026-06-08,Mba sabjiwala 007,https://www.youtube.com/watch?v=EcXyA1HNrzA,raipur mandi sabji rate
बिलासपुर तिफरा सब्जी मंडी  #viral #sabji #bilsapur,2026-06-08,Kalyan   100k views.  5 minutes ago.              ,https://www.youtube.com/watch?v=MqFFURQustw,bilaspur mandi sabji rate
अंबिकापुर सब्जी मंडी का रेट देखें बढ़ते हुए सब्जियों का रेट | 07/06/26 AgriVibes CG15 ,2026-06-07,AgriVibes Matlub,https://www.youtube.com/watch?v=ZbToFx3Fg3Y,raipur mandi sabji rate
7 June 2026 आज टमाटर मंहगा है Dhamdha Mandi Chhattisgarh #Rohansabjiwala #cg #farming #food ,2026-06-07,ROHAN SABJIWALA ,https://www.youtube.com/watch?v=Dj_gQgV7azo,chhattisgarh mandi bhav today
"Gold Rate Today, 24 जून 2026 Aaj Ka Sone Ka Bhav | Sone Ka Bhav | Today Gold Rate",2026-06-07,Gold update India,https://www.youtube.com/watch?v=OHeGEa2vP2M,chhattisgarh mandi bhav today
6 जून 2026 barbatti 35 रुपये कीलो 😱बिक रहा है #ambikapur#surajpur#mandi  #chhattisgarh#sarguja #vlog,2026-06-06, Ashish08 Vlog,https://www.youtube.com/watch?v=rLcRVuNg5n4,raipur mandi sabji rate
सब्जी आवक कम❌ /रेट आसमान पर📈 ✔️✔️#vlog  #kumhari mandi #sabji #sabjimandi #kumhari ,2026-06-06,Mba sabjiwala 007,https://www.youtube.com/watch?v=OOuvcW9SaTw,raipur mandi sabji rate
सब्जियों का अचानक बढ़ा रेट टमाटर ने मचाया तांडव। ब्राम्बे सब्जी मार्केट में बढ़ा सब्जियों का रेट।,2026-06-06,JHARKHANDI VLOGGER,https://www.youtube.com/watch?v=kEyozFpYrso,bhilai mandi sabji rate
6 जून राजनांदगांव सब्जी मंडी  थोक भाव 👆# #marketvlog#mandibhav#rajnandgaon#shortsvlog#market,2026-06-06,Mr. Agriman..🌱,https://www.youtube.com/watch?v=di1x8NEhRi0,rajnandgaon mandi bhav
बिलासपुर तिफ़रा सब्जी मंडी  /बरबती का रेट #viral,2026-06-06,Kalyan   100k views.  5 minutes ago.              ,https://www.youtube.com/watch?v=YKgsGrjKYrI,bilaspur mandi sabji rate
"Gold Rate Today, 24 जून 2026 Aaj Ka Sone Ka Bhav | Sone Ka Bhav | Today Gold Rate",2026-06-06,Gold update India,https://www.youtube.com/watch?v=73RIy9W8HJc,chhattisgarh mandi bhav today
5 जून राजनांदगांव सब्जी मंडी भाव 👆#mandibhav #marketvlog #rajnandgaon #farmer #minivlog,2026-06-05,Mr. Agriman..🌱,https://www.youtube.com/watch?v=lps9D_oLQp4,rajnandgaon mandi bhav
आज का अदरक भाव |KarnatakaGinger Rate Today (5 June 2026) |Adrak Mandi Bhav,2026-06-05,BusinessgYT,https://www.youtube.com/watch?v=pvA_6VNWnNw,chhattisgarh mandi bhav today
किसानों को मिला तोहफा सब्जियों का रिकॉर्ड तोड़ रेट। मखमंदरो सब्जी मंडी में टूटा रिकॉर्ड।,2026-06-04,JHARKHANDI VLOGGER,https://www.youtube.com/watch?v=CE3KM4g51HM,raipur mandi sabji rate
4 जून 2026 भिंडी 13रूपये किलो 😱बिक रहा है #ambikapur#surajpur#mandi  #chhattisgarh#sarguja #vlog,2026-06-04, Ashish08 Vlog,https://www.youtube.com/watch?v=B9lprBcomVA,raipur mandi sabji rate
"Gold Rate Today, 15 जून 2026 Aaj Ka Sone Ka Bhav | Sone Ka Bhav | Today Gold Rate",2026-06-04,Gold update India,https://www.youtube.com/watch?v=A90FZKDte1o,chhattisgarh mandi bhav today
Bilaspur Sabji Mandi 🥦🥬🫑🌽 #bilaspurvlog #vegetablemarket #tifravlog #tifrasabjimandi,2026-06-03,Portable Vlogs,https://www.youtube.com/watch?v=_HLraytVVUE,bilaspur mandi sabji rate
3 June 2026 आज का टमाटर भाव tomoto price today #Rohansabjiwala #cg #farming #food Dhamdha Mandi ,2026-06-03,ROHAN SABJIWALA ,https://www.youtube.com/watch?v=-MTneilczVA,chhattisgarh mandi bhav today
3 June 2026 पपीता भाव इंदौर मंडी - indore fruit mandi - #papita #papaya #ytshorts #mandi ,2026-06-03,Sabji Mandi Indore,https://www.youtube.com/watch?v=HvLtOF8V_60,chhattisgarh mandi bhav today
3  june 2026 टमाटर 200रूपये कैरेट 😱बिक रहा है #ambikapur#surajpur#mandi  #chhattisgarh#sarguja #vlog,2026-06-03, Ashish08 Vlog,https://www.youtube.com/watch?v=LnONKAHrGAk,chhattisgarh mandi bhav today
"Gold Rate Today, 21 जून 2026 Aaj Ka Sone Ka Bhav | Sone Ka Bhav | Today Gold Rate",2026-06-03,Gold update India,https://www.youtube.com/watch?v=eUk6IdfObaE,chhattisgarh mandi bhav today
2 May sabji mandi bhav #rajnandgaon#mandibhav #marketvlog #farmer #market,2026-06-02,Mr. Agriman..🌱,https://www.youtube.com/watch?v=fPR7JJSySNo,rajnandgaon mandi bhav
2 जून 2026 आज सब्जी टमाटर थोक मंडी भाव राजनांदगांव सब्जी मंडी। today vegetables wholesale price ,2026-06-02,Hemant vaishnav ,https://www.youtube.com/watch?v=eYURHHp2MWw,rajnandgaon mandi bhav
2 June 2026 tomoto price today आज का टमाटर भाव Dhamdha Mandi Chhattisgarh #Rohansabjiwala #cg ,2026-06-02,ROHAN SABJIWALA ,https://www.youtube.com/watch?v=56YL8Y-eReg,chhattisgarh mandi bhav today
1 June 2026 आज का टमाटर भाव टमाटर का आवक आज ज्यादा है Dhamdha Mandi Chhattisgarh #Rohansabjiwala #cg,2026-06-01,ROHAN SABJIWALA ,https://www.youtube.com/watch?v=g0uebbg8crU,chhattisgarh mandi bhav today
31 May 2026 टमाटर 🍅 600 रूपये कैरेट बिका l#ambikapur#surajpur#mandi  #chhattisgarh#✅,2026-05-31, Ashish08 Vlog,https://www.youtube.com/watch?v=Rl1OHp1Djyc,raipur mandi sabji rate
31 May sabji bhav #mandibhav #rajnandgaon #marketvlog #farmer #minivlog,2026-05-31,Mr. Agriman..🌱,https://www.youtube.com/watch?v=IYPtDTuMOgs,rajnandgaon mandi bhav
31 मई राजनंदगॉव सब्ज़ी मंडी भाव #mandibhav #rajnandgaon #marketvlog #farmer,2026-05-31,Mr. Agriman..🌱,https://www.youtube.com/watch?v=ihhm1FNwy5Y,rajnandgaon mandi bhav
"Gold Rate Today, 10 जून 2026 Aaj Ka Sone Ka Bhav | Sone Ka Bhav | Today Gold Rate",2026-05-31,Gold update India,https://www.youtube.com/watch?v=g32CpkZsRXQ,chhattisgarh mandi bhav today
सब्जी मंडी कवर्धा सस्ता साग भाजी के रेट #trendingshorts #sabjimandi #kawardha #cgviral #cgshorts,2026-05-30,Cg Laxmi Vlogss,https://www.youtube.com/watch?v=H58SvXWVqFQ,raipur mandi sabji rate
"30,05,2026 गुरुवार सब्जी मंडी कवर्धा आज का नया रेट जाने सभी सब्जियों का kawardha mandi chhattisgarh ",2026-05-30,Cg Laxmi Vlogss,https://www.youtube.com/watch?v=g1iHAqEa0YM,raipur mandi sabji rate
30 May sabji mandi bhav #mandibhav #rajnandgaon #marketvlog #farmer #minivlog,2026-05-30,Mr. Agriman..🌱,https://www.youtube.com/watch?v=Mpw2UEisUww,rajnandgaon mandi bhav
Raipur Sabji Mandi Shastri Market wholesale Rate of mango🥭,2026-05-29,RAIPUR_SABJIMANDI,https://www.youtube.com/watch?v=EV_O5_-2ZOs,raipur mandi sabji rate
29 May 2026 Tomoto price today #Rohansabjiwala आज का मंडी भाव Dhamdha Mandi Chhattisgarh #food #cg ,2026-05-29,ROHAN SABJIWALA ,https://www.youtube.com/watch?v=SYWwAroMFLI,raipur mandi sabji rate
29 मई 2026 आज सब्जी टमाटर थोक मंडी भाव राजनांदगांव सब्जी मंडीtoday vegetables wholesale market price,2026-05-29,Hemant vaishnav ,https://www.youtube.com/watch?v=1X35Aq7dlZc,rajnandgaon mandi bhav
29 May 2026 फुलगोभी 28 रूपये किलो बिका l#ambikapur#surajpur#mandi  #chhattisgarh#✅,2026-05-29, Ashish08 Vlog,https://www.youtube.com/watch?v=qLu9d7q-z8U,chhattisgarh mandi bhav today
28 May 2026 मिर्च 50 रूपये कैरेट ambikapur sabji Mandi l#ambikapur#surajpur#mandi  #chhattisgarh#✅,2026-05-28, Ashish08 Vlog,https://www.youtube.com/watch?v=fJ-7RQuq1xM,raipur mandi sabji rate
28 मई राजनांदगांव सब्जी मंडी भाव 👆#mandibhav #marketvlog #rajnandgaon #kirtiagritech,2026-05-28,Kirti Agritech ,https://www.youtube.com/watch?v=h6LGGnJWxP8,rajnandgaon mandi bhav
28 मई राजनांदगांव सब्जी मंडी भाव 👆#mandibhav# #rajnandgaon #marketvlog #farmer,2026-05-28,Mr. Agriman..🌱,https://www.youtube.com/watch?v=wNPOxxVjMSM,rajnandgaon mandi bhav
गीली मक्का मे तेजी Live बोली देखो | आज का मक्का का भाव /makka ka aaj ka bhav | makka ka kya bhav hai,2026-05-28,Aligarh Mandi Bhav ,https://www.youtube.com/watch?v=xuhnoMRGEVs,chhattisgarh mandi bhav today
28 May 2026 tomoto price today आज क्या भाव बिका टमाटर Dhamdha Mandi Chhattisgarh #Rohansabjiwala #cg,2026-05-28,ROHAN SABJIWALA ,https://www.youtube.com/watch?v=mcWtBi1D2HI,chhattisgarh mandi bhav today
27 May 2026 टमाटर 400 रूपये कैरेट ambikapur sabji Mandi l#ambikapur#surajpur#mandi  #chhattisgarh#✅,2026-05-27, Ashish08 Vlog,https://www.youtube.com/watch?v=LlBOSPILRNU,raipur mandi sabji rate
🍅🫑🍏🥬🥦🥕सब्जी मंडी बिलासपुर// sabji mandi bilaspur//new video 2026,2026-05-27,PRAKASH BHAINA⭐,https://www.youtube.com/watch?v=-tYbh_Fm-24,bilaspur mandi sabji rate
26 May 2026 करेला 18रूपये कैरेट ambikapur sabji Mandi l#ambikapur#surajpur#mandi  #chhattisgarh#✅,2026-05-26, Ashish08 Vlog,https://www.youtube.com/watch?v=AsnmnRu_m9g,raipur mandi sabji rate
24 May 2026 आज क्या भाव बिका टमाटर सब्जी मे तेजी आ रहा है tomoto price today #Rohansabjiwala #cg ,2026-05-24,ROHAN SABJIWALA ,https://www.youtube.com/watch?v=88pYBw9smTQ,raipur mandi sabji rate
sabji mandi bilaspur chhattisgarh//new video 2026 आम 10₹/-🥭,2026-05-24,PRAKASH BHAINA⭐,https://www.youtube.com/watch?v=z_6gFb6nC1w,bilaspur mandi sabji rate
सब्जी मंडी कवर्धा आज का नया रेट 23 मई 2026 दिन शनिवार // भारी भीड़ आऊ साग भाजी एकदम सस्ता kawardha ,2026-05-23,Cg Laxmi Vlogss,https://www.youtube.com/watch?v=mStaY1w4kKQ,raipur mandi sabji rate
23 May 2026 tomoto price today Gandai Mandi Chhattisgarh #Rohansabjiwala #cg #farming #food ,2026-05-23,ROHAN SABJIWALA ,https://www.youtube.com/watch?v=-XPUrzgIh6k,raipur mandi sabji rate
टमाटर के साथ और भी देख किस सब्जियों का रेट बढ़ा अंबिकापुर सब्जी मंडी में AgriVibes CG15 ,2026-05-23,AgriVibes Matlub,https://www.youtube.com/watch?v=pwk6LIeAjjk,raipur mandi sabji rate
क्या है आज का सब्जी थोक रेट || बरेली सब्जी मंडी का थोक भाव || today vegetable price ||,2026-05-23,bpl Mourya vlog ,https://www.youtube.com/watch?v=QL86lGw_dEI,bhilai mandi sabji rate
23 मई राजनांदगांव सब्जी मंडी भाव 👆#mandibhav#marketvlog#rajnandgaon#farmers,2026-05-23,Kirti Agritech ,https://www.youtube.com/watch?v=FEsz4gs5iRg,rajnandgaon mandi bhav
23 मई राजनांदगांव सब्जी मंडी भाव 👆#mandibhav#rajnandgaon#marketvlog#farmer,2026-05-23,Mr. Agriman..🌱,https://www.youtube.com/watch?v=5XCwmmQyDgs,rajnandgaon mandi bhav
💯टमाटर 600 रुपये कैरेट बिका😱llambikapur sabji Mandi l#ambikapur#surajpur#mandi  #chhattisgarh#food ✅,2026-05-22, Ashish08 Vlog,https://www.youtube.com/watch?v=YSh8k_C6-eI,raipur mandi sabji rate
22 मई राजनांदगांव सब्जी मंडी भाव 👆 #mandibhav #marketvlog #rajnandgaon #farmers,2026-05-22,Kirti Agritech ,https://www.youtube.com/watch?v=dQgSmb7TO40,rajnandgaon mandi bhav
22 मई राजनांदगांव सब्जी मंडी भाव 👆#mandibhav #rajnandgaon #marketvlog #farmer,2026-05-22,Mr. Agriman..🌱,https://www.youtube.com/watch?v=cbSz4KPPDIQ,rajnandgaon mandi bhav
21 मई राजनांदगांव सब्जी मंडी भाव 👆#mandibhav #marketvlog #rajnandgaon #farmers #minivlog,2026-05-21,Kirti Agritech ,https://www.youtube.com/watch?v=9eGZbJmfj9U,rajnandgaon mandi bhav
21 मई राजनांदगांव सब्जी मंडी भाव 👆#mandibhav #rajnandgaon #marketvlog #farmer,2026-05-21,Mr. Agriman..🌱,https://www.youtube.com/watch?v=AJhiGy_iOl4,rajnandgaon mandi bhav
💯टमाटर 650 रुपये किलो कैरेट😱llambikapur sabji Mandi l#ambikapur#surajpur#mandi  #chhattisgarh#food ✅,2026-05-20, Ashish08 Vlog,https://www.youtube.com/watch?v=qTHsTU4rX-0,raipur mandi sabji rate
भाटागांव होलसेल सब्जी मार्केट रायपुर | Bhatagaon Holsale Sabji Market Raipur | Sabji Mandi Raipur ,2026-05-20,Ajay Sahu Blogs ,https://www.youtube.com/watch?v=ZYbanAkDz-0,raipur mandi sabji rate
अंबिकापुर सब्जी मंडी में रेट देख सभी सब्जियों का 20/05/26 AgriVibes CG15 ,2026-05-20,AgriVibes Matlub,https://www.youtube.com/watch?v=GHQAy1LIVOQ,raipur mandi sabji rate
20 मई राजनांदगांव सब्जी मंडी भाव 👆#mandibhav #marketvlog #rajnandgaon #minivlog #farmers,2026-05-20,Kirti Agritech ,https://www.youtube.com/watch?v=hSV2w1XEaXA,rajnandgaon mandi bhav
20 मई राजनांदगांव सब्जी मंडी भाव 👆#mandibhav #rajnandgaon #marketvlog #farmer #sabjibhav,2026-05-20,Mr. Agriman..🌱,https://www.youtube.com/watch?v=-JziZCY5OLc,rajnandgaon mandi bhav
बिलासपुर तिफरा सब्जी मंडी टमाटर 🍅 बोली 600₹से 700₹किरेट tamatar,2026-05-20,Cg patel sabji wala ,https://www.youtube.com/watch?v=-pLP7aUTvbc,bilaspur mandi sabji rate
19 मई राजनांदगांव सब्जी मंडी भाव 👆#mandibhav #marketvlog #rajnandgaon,2026-05-19,Kirti Agritech ,https://www.youtube.com/watch?v=tWvkrzMGcaA,rajnandgaon mandi bhav
19 मई राजनांदगांव सब्जी मंडी भाव 👆#rajnandgaon#marketvlog#farmer,2026-05-19,Mr. Agriman..🌱,https://www.youtube.com/watch?v=O5YhZXUteLM,rajnandgaon mandi bhav
19 मई 2026 आज सब्जी टमाटर थोक मंडी भाव। today vegetables wholesale price Rajnandgaon market C.G.,2026-05-19,Hemant vaishnav ,https://www.youtube.com/watch?v=FwBglbnaPTM,rajnandgaon mandi bhav
🥵 रानीतराई पाटन दुर्ग मंडी में टमाटर इतना महंगा क्यों? 😱 ₹800 कैरेट की पूरी सच्चाई,2026-05-18,omprakash ausar,https://www.youtube.com/watch?v=mYNTzZiimqg,durg mandi sabji rate
रायपुर भाठागांव मंडी का आज का भाव | Wholesale Sabji Mandi 17 मई 2026,2026-05-17,Sukramsona vlogs,https://www.youtube.com/watch?v=EssqiFch8v0,raipur mandi sabji rate
17 May 2026 आज का टमाटर भाव Dhamdha Mandi Chhattisgarh #Rohansabjiwala #cg #farming #food ,2026-05-17,ROHAN SABJIWALA ,https://www.youtube.com/watch?v=n53rZfjnoSo,raipur mandi sabji rate
17 मई राजनांदगांव सब्जी मंडी भाव 👆#mandibhav#rajnandgaon#marketvlog#farmer,2026-05-17,Mr. Agriman..🌱,https://www.youtube.com/watch?v=P6GzS7oSqU0,rajnandgaon mandi bhav
￼बिलासपुर तिफरा सब्जी मंडी टमाटर 🍅 के रेट 650₹से 700₹किरेट 17/5/2026,2026-05-17,Cg patel sabji wala ,https://www.youtube.com/watch?v=natNrG7o_4E,bilaspur mandi sabji rate
गढ़ सब्जी मंडी# सब्जियों के भाव # आज की सब्जी मंडी भाव#mandibhav सब्जी मंडी# सब्जियों के थोक भाव🫑🥒🥦,2026-05-16,GADH MANDI 81,https://www.youtube.com/watch?v=VyZiqwefOlQ,raipur mandi sabji rate
💯 परवल 37रुपये  किलो बिका😱llambikapur sabji Mandi l#ambikapur#surajpur#mandi  #chhattisgarh#food ✅,2026-05-16, Ashish08 Vlog,https://www.youtube.com/watch?v=HFCi2wLXaHg,raipur mandi sabji rate
12 मई राजनांदगांव सब्जी मंडी भाव 👆#mandibhav #marketvlog #farming #rajnandgaon,2026-05-16,Kirti Agritech ,https://www.youtube.com/watch?v=3vwKGG_Ppn8,rajnandgaon mandi bhav
16 मई राजनांदगांव सब्जी मंडी भाव #mandibhav#rajnandgaon#marketvlog#farmer,2026-05-16,Mr. Agriman..🌱,https://www.youtube.com/watch?v=mJpaSUktwHA,rajnandgaon mandi bhav
16/05/26 राजनांदगांव सब्जी मंडी #rajnandgaon#marketvlog#mandibhav#market,2026-05-16,Mr. Agriman..🌱,https://www.youtube.com/watch?v=ZKlehxjb71A,rajnandgaon mandi bhav
बिलासपुर सब्जी मंडी तिफरा बिलासपुर छत्तीसगढ़ लोकल टमाटर बोली 🍅 350/1050+₹कैरेट कोचई10 से 23₹kg,2026-05-16,Villager sabji wale,https://www.youtube.com/watch?v=clE3q2dGx5Q,bilaspur mandi sabji rate
15 मई 2026 आज सब्जी टमाटर थोक मंडी भाव राजनांदगांव सब्जी मंडी। today vegetables wholesale price ,2026-05-15,Hemant vaishnav ,https://www.youtube.com/watch?v=-MOgeQTDQcg,rajnandgaon mandi bhav
14 मई राजनांदगांव सब्जी मंडी भाव 👆#mandibhav #marketvlog #rajnandgaon #farming #minivlog,2026-05-14,Kirti Agritech ,https://www.youtube.com/watch?v=aDHwWFnD9fo,rajnandgaon mandi bhav
14 मई राजनांदगांव सब्जी मंडी भाव 👆#mandibhav#rajnandgaon#marketvlog#sabjibhav#farmer,2026-05-14,Mr. Agriman..🌱,https://www.youtube.com/watch?v=DV1mEQnIt8g,rajnandgaon mandi bhav
13 May 2026 आज भी तेजी है टमाटर मे Dhamdha Mandi Chhattisgarh #Rohansabjiwala #cg #farming ,2026-05-13,ROHAN SABJIWALA ,https://www.youtube.com/watch?v=1PeCr2thjeg,raipur mandi sabji rate
New ret🍅🍅 list kumhari mandi 💥Durg chhattisgarh 💯💯‼️#sabji #bussiness #vlog #mbasabjiwala007 ,2026-05-13,Mba sabjiwala 007,https://www.youtube.com/watch?v=GWgSSeNFfn4,durg mandi sabji rate
13 मई राजनांदगांव सब्जी मंडी भाव 👆#mandibhav#rajnandgaon#marketvlog#mandivlogs,2026-05-13,Mr. Agriman..🌱,https://www.youtube.com/watch?v=MWiLCmROCU8,rajnandgaon mandi bhav
लहसुन 111 रुपये  किलो बिका😱llambikapur sabji Mandi l#ambikapur#surajpur#mandi  #chhattisgarh#food ✅,2026-05-12, Ashish08 Vlog,https://www.youtube.com/watch?v=xTCeo5urgr4,raipur mandi sabji rate
Yeh hai Bhilai ka sabji mandi 😍#viral #minivlog#trending  #bhilai #sabji ,2026-05-12,sonu vlog 07 wala,https://www.youtube.com/watch?v=dOjgQyYcvFU,bhilai mandi sabji rate
12 मई राजनांदगांव सब्जी मंडी भाव 👆 #mandibhav #farming#marketvlog #rajnandgaon #farmers,2026-05-12,Kirti Agritech ,https://www.youtube.com/watch?v=DSCfaC0Cl60,rajnandgaon mandi bhav
12 मई राजनांदगांव सब्जी मंडी भाव #mandibhav#marketvlog#rajnandgaon#farmer#sabjibhav,2026-05-12,Mr. Agriman..🌱,https://www.youtube.com/watch?v=AOvi7h-38oQ,rajnandgaon mandi bhav
💯फुलगोभी 19रुपये  किलो बिका😱llambikapur sabji Mandi l#ambikapur#surajpur#mandi  #chhattisgarh#food ✅,2026-05-11, Ashish08 Vlog,https://www.youtube.com/watch?v=AD-ZEzm6QZY,raipur mandi sabji rate
💯 मंत्री श्री लक्ष्मी राजवाड़े जी😊ll बरबटी 25 रूपये l#ambikapur#surajpur#mandi  #chhattisgarh#food ✅,2026-05-10, Ashish08 Vlog,https://www.youtube.com/watch?v=qkjHFZS6fss,raipur mandi sabji rate
💯 50 बादाम रुपये  किलो बिका😱llambikapur sabji Mandi l#ambikapur#surajpur#mandi  #chhattisgarh#food ✅,2026-05-09, Ashish08 Vlog,https://www.youtube.com/watch?v=zssnbipOocM,raipur mandi sabji rate
9 मई राजनांदगांव सब्जी मंडी भाव 👆 #mandibhav #farming #marketvlog #rajnandgaon,2026-05-09,Kirti Agritech ,https://www.youtube.com/watch?v=-Ha5_g9r8u0,rajnandgaon mandi bhav
9 मई राजनांदगांव सब्जी मंडी भाव 👆#mandibhav #rajnandgaon#marketvlog#vegitablemarket#farmer#sabjibhav,2026-05-09,Mr. Agriman..🌱,https://www.youtube.com/watch?v=oxxEqm7228g,rajnandgaon mandi bhav
"9 मई राजनांदगांव सब्जी मंडी में बैगन टमाटर, लौकी, कटहल का दाम#mandibhav#marketvlog#rajnandgaon",2026-05-09,Mr. Agriman..🌱,https://www.youtube.com/watch?v=LsO8OMI9wSQ,rajnandgaon mandi bhav
Qurbani Goats 2026 || Saturday Market || Bakra Mandi Bilaspur Uttar Pradesh ,2026-05-09,KGF Kumar Goat Farm,https://www.youtube.com/watch?v=xtd5Auf7iT4,bilaspur mandi sabji rate
8 मई 2026 आज सब्जी टमाटर थोक मंडी भाव राजनांदगांव सब्जी मंडी। today vegetables wholesale price ,2026-05-08,Hemant vaishnav ,https://www.youtube.com/watch?v=cMmaII-fp9A,rajnandgaon mandi bhav
7 मई राजनांदगांव सब्जी मंडी भाव 👆#mandibhav #marketvlog #rajnandgaon#agriculture #farmers#market,2026-05-07,Kirti Agritech ,https://www.youtube.com/watch?v=QGadi8JNlLw,rajnandgaon mandi bhav
7 मई राजनांदगांव सब्जी मंडी भाव 👆#mandibhav #rajnandgaon #marketvlog #farmer#sabjibhav,2026-05-07,Mr. Agriman..🌱,https://www.youtube.com/watch?v=7pvjLvRImEU,rajnandgaon mandi bhav
7मई 2026 आज सब्जी टमाटर थोक मंडी भाव राजनांदगांव सब्जी मंडी। today vegetables wholesale price R.J.N ,2026-05-07,Hemant vaishnav ,https://www.youtube.com/watch?v=3qfKVMps6Hw,rajnandgaon mandi bhav
6 May 2026 tomoto price today Gandai mandi Chhattisgarh #Rohansabjiwala #cg #farming ,2026-05-06,ROHAN SABJIWALA ,https://www.youtube.com/watch?v=KVq_VwZJ_Os,raipur mandi sabji rate
6 मई राजनांदगांव सब्जी मंडी भाव 👆#mandibhav #marketvlog #rajnandgaon #farmer,2026-05-06,Mr. Agriman..🌱,https://www.youtube.com/watch?v=4bWuGz9ftTc,rajnandgaon mandi bhav
5 मई राजनांदगांव सब्जी मंडी भाव 👆#mandibhav #rajnandgaon #marketvlog#market#farmer #famersmarket,2026-05-05,Mr. Agriman..🌱,https://www.youtube.com/watch?v=xKvckspPT1g,rajnandgaon mandi bhav
5 मई 2026 आज सब्जी टमाटर थोक मंडी भाव राजनांदगांव सब्जी मंडी। today vegetables wholesale price R.J.N,2026-05-05,Hemant vaishnav ,https://www.youtube.com/watch?v=yu-AleEFCWY,rajnandgaon mandi bhav
बिलासपुर सब्जी मंडी बैगन का रेट 10 रुपया,2026-05-05, Shriram nishad,https://www.youtube.com/watch?v=_ffqQZ-fX5M,bilaspur mandi sabji rate
4 May 2026 आज सस्ता है टमाटर aaj ka tamatar bhav Dhamdha Mandi Chhattisgarh #Rohansabjiwala #cg ,2026-05-04,ROHAN SABJIWALA ,https://www.youtube.com/watch?v=rp70Cuk1DZQ,raipur mandi sabji rate
3 मई 2026 आज सब्जी टमाटर थोक मंडी भाव राजनांदगांव सब्जी मंडी। today vegetables wholesale price R.J.N,2026-05-03,Hemant vaishnav ,https://www.youtube.com/watch?v=1u928DRPHPk,rajnandgaon mandi bhav
3 मई राजनांदगांव सब्जी मंडी भाव #mandibhav#marketvlog #rajnandgaon#agriculture#kirtiagritech,2026-05-03,Kirti Agritech ,https://www.youtube.com/watch?v=slQm6YJjK0w,rajnandgaon mandi bhav
3 मई राजनांदगांव सब्जी मंडी भाव 👆#mandibhav#rajnandgaon#marketvlog #vegitablemarket#market#sabji,2026-05-03,Mr. Agriman..🌱,https://www.youtube.com/watch?v=4McdDAE7YVI,rajnandgaon mandi bhav
2 May 2026 यहाँ मिलेगा सस्ते मे टमाटर Gandai mandi Chhattisgarh #Rohansabjiwala #cg #farming ,2026-05-02,ROHAN SABJIWALA ,https://www.youtube.com/watch?v=-zkNkEPvlto,raipur mandi sabji rate
2 मई राजनांदगांव सब्जी मंडी भाव 👆#mandibhav #marketvlog #rajnandgaon#agriculture#सब्जी,2026-05-02,Kirti Agritech ,https://www.youtube.com/watch?v=Sg_ZjjNsk8g,rajnandgaon mandi bhav
2 मई राजनांदगांव सब्जी मंडी भाव 👆#mandibhav #marketvlog #rajnandgaon #vegitablemarket#market#sabji,2026-05-02,Mr. Agriman..🌱,https://www.youtube.com/watch?v=0xq17MmE06A,rajnandgaon mandi bhav
1 मई 2026 आज सब्जी टमाटर थोक मंडी भाव राजनांदगांव सब्जी मंडी। rajnandgaon sabji Mandi chhattisgarh ,2026-05-01,Hemant vaishnav ,https://www.youtube.com/watch?v=KGUPTiaoHiA,rajnandgaon mandi bhav
30 अप्रैल राजनांदगांव सब्जी मंडी भाव #mandibhav#marketvlog#rajnandgaon#agriculture#mandi,2026-04-30,Kirti Agritech ,https://www.youtube.com/watch?v=OAJQ9-jKs1c,rajnandgaon mandi bhav
30 अप्रैल राजनांदगांव सब्जी मंडी भाव 👆#shorts#mandibhav#marketvlog#farmer#rajnandgaon#mandi,2026-04-30,Mr. Agriman..🌱,https://www.youtube.com/watch?v=27q3GTbZM6M,rajnandgaon mandi bhav
29 अप्रैल राजनांदगांव सब्जी मंडी भाव 👆 #mandibhav #marketvlog#rajnandgaon #agriculture#food,2026-04-29,Kirti Agritech ,https://www.youtube.com/watch?v=5cyGV_7M1Zo,rajnandgaon mandi bhav
29 अप्रैल राजनांदगांव सब्जी मंडी भाव 👆#mandibhav#marketvlog #rajnandgaon #farming #mandi,2026-04-29,Mr. Agriman..🌱,https://www.youtube.com/watch?v=f07IC3BPMTM,rajnandgaon mandi bhav
29 अप्रैल राजनांदगांव सब्जी मंडी भाव 👆#mandibhav #rajnandgaon #marketvlog#farming#agriculture,2026-04-29,Mr. Agriman..🌱,https://www.youtube.com/watch?v=EGAgA6a6kmg,rajnandgaon mandi bhav
"Bhilai Supela सब्जी मंडी का होगा Transfer, सब्जी व्यापारियों की बढ़ी चिंता…  || KP News ||",2026-04-27,KPNews,https://www.youtube.com/watch?v=l_KLhNNiYGI,bhilai mandi sabji rate
26 अप्रैल राजनांदगांव सब्जी मंडी भाव 👆#mandibhav#marketvlog#rajnandgaon#farmers,2026-04-26,Kirti Agritech ,https://www.youtube.com/watch?v=lrnit_7HbC0,rajnandgaon mandi bhav
26 अप्रैल राजनांदगांव सब्जी मंडी भाव 👆#mandibhav #rajnandgaon#marketvlog#farmer,2026-04-26,Mr. Agriman..🌱,https://www.youtube.com/watch?v=iVZ6xE_ZeWs,rajnandgaon mandi bhav
26 अप्रैल राजनांदगांव सब्जी मंडी भाव 👆#mandibhav#marketvlog#rajnandgaon#vegitablemarket,2026-04-26,Mr. Agriman..🌱,https://www.youtube.com/watch?v=twTY0ZXhAVc,rajnandgaon mandi bhav
टमाटर बोली बिलासपुर तिफरा सब्जी मंडी #minivlog #reels #video #viral #song,2026-04-26,Cg patel sabji wala ,https://www.youtube.com/watch?v=DNTjd6oHD7g,bilaspur mandi sabji rate
25 april rajnandgaon sabji mandi bhav 👆#mandibhav #marketvlog #rajnandgaon #agriculture,2026-04-25,Kirti Agritech ,https://www.youtube.com/watch?v=m1zCxmESiF0,rajnandgaon mandi bhav
25 अप्रैल राजनांदगांव सब्जी मंडी भाव 👆#mandibhav#rajnandgaon #marketvlog#sabjibhav#rajnandgaonmandi,2026-04-25,Mr. Agriman..🌱,https://www.youtube.com/watch?v=SuSafGe3H4A,rajnandgaon mandi bhav
24 अप्रैल राजनांदगांव सब्जी मंडी भाव 👆#mandibhav#rajnandgaon#marketvlog#vegitablemarket#sabjibhav,2026-04-24,Mr. Agriman..🌱,https://www.youtube.com/watch?v=P27iToAFzvI,rajnandgaon mandi bhav
"24 अप्रैल राजनांदगांव सब्जी मंडी टमाटर बैंगन , खीरा का भाव#shorts#mandibhav #rajnandgaon#marketvlog#",2026-04-24,Mr. Agriman..🌱,https://www.youtube.com/watch?v=Pc_yKp__Dvg,rajnandgaon mandi bhav
22 अप्रैल राजनांदगांव सब्जी मंडी भाव 👆#shorts#marketvlog#mandibhav#farming#rajnandgaon,2026-04-22,Mr. Agriman..🌱,https://www.youtube.com/watch?v=ueFTldk1WBs,rajnandgaon mandi bhav
अदरक 🫚 नीबू🍋‍🟩के रेट 20/4/2026 बिलासपुर तिफ़र सब्जी मंडी #minivlog #reels #video #viral,2026-04-20,Cg patel sabji wala ,https://www.youtube.com/watch?v=p-iv_KpDksY,bilaspur mandi sabji rate
19 अप्रैल राजनांदगांव सब्जी मंडी भाव #shorts#mandibhav#rajnandgaon#marketvlog#vegitablemarket#farmer,2026-04-19,Mr. Agriman..🌱,https://www.youtube.com/watch?v=tawfK4iLnyU,rajnandgaon mandi bhav
बिलासपुर सब्जी मंडी टमाटर की रेट में क 250 रुपया से आईएस 300 का रेट,2026-04-19,Villager sabji wale,https://www.youtube.com/watch?v=o_yA0dcjN1k,bilaspur mandi sabji rate
18 अप्रैल राजनांदगांव सब्जी मंडी भाव #mandibhav#vegitablemarket#marketvlog#rajnandgaon#famersmarket,2026-04-18,Kirti Agritech ,https://www.youtube.com/watch?v=b0JnRmhg7VM,rajnandgaon mandi bhav
18 अप्रैल राजनांदगांव सब्जी मंडी भाव 👆#shorts#mandibhav#marketvlog#rajnandgaon#sabjimandi,2026-04-18,Mr. Agriman..🌱,https://www.youtube.com/watch?v=XAQw2nb_lfo,rajnandgaon mandi bhav
"18 अप्रैल राजनांदगांव सब्जी मंडी टमाटर , बैगन, लौकी भाव 👆 #shorts#marketvlog#rajnandgaon#mandibhav",2026-04-18,Mr. Agriman..🌱,https://www.youtube.com/watch?v=e-frTPvAWC4,rajnandgaon mandi bhav
17 अप्रैल राजनांदगांव सब्जी मंडी भाव 👆#mandibhav #vegitablemarket #marketvlog #rajnandgaon,2026-04-17,Kirti Agritech ,https://www.youtube.com/watch?v=nXms23hWnIo,rajnandgaon mandi bhav
17 अप्रैल राजनांदगांव सब्जी मंडी भाव 👆#shorts#mandibhav#marketvlog #vegitablemarket#rajnandgaon,2026-04-17,Mr. Agriman..🌱,https://www.youtube.com/watch?v=xK4aZenUbO8,rajnandgaon mandi bhav
16 अप्रैल राजनांदगांव सब्जी मंडी भाव #mandibhav #marketvlog #vegitablemarket #farming #rajnandgaon,2026-04-16,Kirti Agritech ,https://www.youtube.com/watch?v=V1O7aYATy-M,rajnandgaon mandi bhav
15 अप्रैल राजनांदगांव सब्जी मंडी भाव 👆#shorts#mandibhav#rajnandgaon#marketvlog#farming,2026-04-16,Mr. Agriman..🌱,https://www.youtube.com/watch?v=M0qnydixCQA,rajnandgaon mandi bhav
16 अप्रैल राजनांदगांव सब्जी मंडी भाव 👆#mandibhav#rajnandgaon#marketvlog#farmer#vegitablemarket,2026-04-16,Mr. Agriman..🌱,https://www.youtube.com/watch?v=m488k7VWz-c,rajnandgaon mandi bhav
15 अप्रैल राजनांदगांव सब्जी मंडी भाव 👆#mandibhav#marketvlog #vegitablemarket#rajnandgaon#agriculture,2026-04-15,Kirti Agritech ,https://www.youtube.com/watch?v=PPfgVyU0SiY,rajnandgaon mandi bhav
15 अप्रैल राजनांदगांव सब्जी मंडी भाव 👆 #shorts#marketvlog #mandibhav#vegitablemarket #rajnandgaon,2026-04-15,Mr. Agriman..🌱,https://www.youtube.com/watch?v=2sfc-I4y4Tk,rajnandgaon mandi bhav
"Mandi Bhav: AI Anchor Naina से जानें सरसों, प्याज, टमाटर और मसूर के ताजा रेट #shorts #mandibhav",2026-04-14,Kisan Tak,https://www.youtube.com/watch?v=L40kMbM4P8k,rajnandgaon mandi bhav
बिलासपुर सब्जी मंडी छत्तीसगढ़ 100 रुपया कैरेटसे 120 का रेट 200करेत #बिलासपुर,2026-04-13,Villager sabji wale,https://www.youtube.com/watch?v=gDsIjjcd-FE,bilaspur mandi sabji rate
12 अप्रैल राजनांदगांव सब्जी मंडी भाव #mandibhav #vegitablemarket#marketvlog #rajnandgaon,2026-04-12,Kirti Agritech ,https://www.youtube.com/watch?v=FC6V8-yA6JA,rajnandgaon mandi bhav
"12 अप्रैल राजनांदगांव सब्जी मंडी बैंगन टमाटर, प्याज का भाव 👆 #shorts#mandibhav#marketvlog#farmer",2026-04-12,Mr. Agriman..🌱,https://www.youtube.com/watch?v=2DLW-d_Pv-M,rajnandgaon mandi bhav
11 अप्रैल राजनांदगांव सब्जी मंडी भाव 👆#shorts#mandibhav#rajnandgaon#marketvlog#vegitablemarket,2026-04-11,Mr. Agriman..🌱,https://www.youtube.com/watch?v=04jZK0prpqw,rajnandgaon mandi bhav
10 अप्रैल राजनांदगांव सब्जी मंडी भाव 👆#mandibhav #vegitablemarket #rajnandgaon #marketvlog#farmers,2026-04-10,Kirti Agritech ,https://www.youtube.com/watch?v=GhHfVLqZ418,rajnandgaon mandi bhav
10 अप्रैल राजनांदगांव सब्जी मंडी भाव 👆#shorts #rajnandgaon#mandibhav#marketvlog#vegitablemarket,2026-04-10,Mr. Agriman..🌱,https://www.youtube.com/watch?v=zI7ER5vZ74I,rajnandgaon mandi bhav
9 अप्रैल  सब्जी मंडी भाव 👆#shorts#mandibhav#farmers #vegitablemarket#marketvlog#rajnandgaon,2026-04-09,Kirti Agritech ,https://www.youtube.com/watch?v=8BtYr2Rzuk8,rajnandgaon mandi bhav
9 अप्रैल राजनांदगांव सब्जी मंडी भाव #shorts#rajnandgaon #marketvlog #mandibhav #farmer,2026-04-09,Mr. Agriman..🌱,https://www.youtube.com/watch?v=XKPT5limZoE,rajnandgaon mandi bhav
बीजुपारा सब्जी मंडी में आज सब्जी ताजा भाव। रेट सुनकर हैरान हो जाएंगे।,2026-04-08,JHARKHANDI VLOGGER,https://www.youtube.com/watch?v=zGrzkbrtKdk,bhilai mandi sabji rate
8 April rajnandgaon sabji mandi bhav 👆#mandibhav #vegitablemarket #farmers #marketvlog #rajnandgaon,2026-04-08,Kirti Agritech ,https://www.youtube.com/watch?v=UhmsO7U59Mk,rajnandgaon mandi bhav
8 April rajnandgaon sabji mandi bhav #rajnandgaon#mandibhav#marketvlog#vegitablemarket #farmer,2026-04-08,Mr. Agriman..🌱,https://www.youtube.com/watch?v=IITOQM5fENs,rajnandgaon mandi bhav
7 अप्रैल राजनांदगांव सब्जी मंडी भाव #mandibhav#vegitablemarket #rajnandgaon#marketvlog #food#farmers,2026-04-07,Kirti Agritech ,https://www.youtube.com/watch?v=R-vEbfxf9Hk,rajnandgaon mandi bhav
7 अप्रैल राजनांदगांव सब्जी मंडी भाव #shorts#rajnandgaon#mandibhav#marketvlog#vegitablemarket#farmer,2026-04-07,Mr. Agriman..🌱,https://www.youtube.com/watch?v=hPIdb1BVpKM,rajnandgaon mandi bhav
7 अप्रैल राजनांदगांव सब्जी मंडी टमाटर भाव 👆#rajnandgaon#marketvlog #tamatar#mandibhav#farmer,2026-04-07,Mr. Agriman..🌱,https://www.youtube.com/watch?v=MveK9qKtVb0,rajnandgaon mandi bhav
#बिलासपुर बिलासपुर सब्जी मंडी छत्तीसगढ़ टमाटर 120 से 200 रुपए का रेट आरएस 30 से 35 रुपए मिर्ची,2026-04-07,Villager sabji wale,https://www.youtube.com/watch?v=PgcaLMoYtts,bilaspur mandi sabji rate
कौन सी भाजी ₹110 किलो? 😱 रानीतराई मंडी में सब रह गए दंग! | Chhattisgarh Vegetable Market Rate,2026-04-05,Lok ausar,https://www.youtube.com/watch?v=aWi8m8WYem0,durg mandi sabji rate
5 अप्रैल राजनांदगांव सब्जी मंडी भाव #mandibhav#farmer#marketvlog#rajnandgaon#vegetables#agriculture,2026-04-05,Kirti Agritech ,https://www.youtube.com/watch?v=fGJKBWc93Q0,rajnandgaon mandi bhav
5 अप्रैल राजनांदगांव सब्जी मंडी भाव 👆#shorts #rajnandgaon#mandibhav#marketvlog#sabjimandi#farmer,2026-04-05,Mr. Agriman..🌱,https://www.youtube.com/watch?v=JVMJ7P1a4-Q,rajnandgaon mandi bhav
"5 अप्रैल राजनांदगांव सब्जी मंडी टमाटर, मुनगा भाव #short#rajnandgaon#tamatarbhav#marketvlog#mandibhav",2026-04-05,Mr. Agriman..🌱,https://www.youtube.com/watch?v=FeR6uvLlaOk,rajnandgaon mandi bhav
4 अप्रैल राजनांदगांव सब्जी मंडी भाव 👆#mandibhav#farmers #marketvlog#rajnandgaon #sabjimandi#farming,2026-04-04,Kirti Agritech ,https://www.youtube.com/watch?v=rWY0KGvkg48,rajnandgaon mandi bhav
4 अप्रैल राजनांदगांव सब्जी मंडी भाव#shorts#rajnandgaon#mandibhav#marketvlogs#farmer#dailymandiupdate,2026-04-04,Mr. Agriman..🌱,https://www.youtube.com/watch?v=10f5XBqkgGs,rajnandgaon mandi bhav
"4 अप्रैल राजनांदगांव सब्जी मंडी बैंगन, मुनगा भाव#rajnandgaon#मंडीभाव#marketvlog #farmers#sabjimandi",2026-04-04,Mr. Agriman..🌱,https://www.youtube.com/watch?v=XlxCdZFx46c,rajnandgaon mandi bhav
3 अप्रैल 2026 आज का ताज़ा भाव | Dumartarai Wholesale Sabji Mandi Raipur ,2026-04-03,Sukramsona vlogs,https://www.youtube.com/watch?v=_HzlmLqIdLg,bhilai mandi sabji rate
बीजुपारा सब्जी मंडी में आज सब्जियों का बुरा हाल। टमाटर बिक रहा है दो रूपये किलो।,2026-04-03,JHARKHANDI VLOGGER,https://www.youtube.com/watch?v=DfamEeZxoVg,bhilai mandi sabji rate
3 अप्रैल राजनांदगांव सब्जी मंडी भाव 👆 #mandibhav #farmers #market #marketvlog#rajnandgaon #farming,2026-04-03,Kirti Agritech ,https://www.youtube.com/watch?v=KFhY2wcX_e0,rajnandgaon mandi bhav
3 अप्रैल राजनांदगांव सब्जी मंडी भाव 👆 #shorts#mandibhav#sabjimandi  #rajnandgaon#marketvlog,2026-04-03,Mr. Agriman..🌱,https://www.youtube.com/watch?v=wOl_95AMaDA,rajnandgaon mandi bhav
2 अप्रैल राजनांदगांव सब्जी मंडी भाव #shorts#rajnandgaon#mandibhav#marketvlog#sabjimandi#farmer,2026-04-02,Mr. Agriman..🌱,https://www.youtube.com/watch?v=6CWdAkdC28k,rajnandgaon mandi bhav
"Durg सब्जी मंडी में युवक गिरफ्तार, 72 कैप्सूल बरामद | Police Action | Durg Mohan Nagar Police",2026-04-01,खबर आलोक,https://www.youtube.com/watch?v=mSO0R0-xtmI,durg mandi sabji rate
1 April rajnandgaon sabji mandi rates 👆 #shorts#mandibhav #farmers #marketvlog #farmmarket #farmfood,2026-04-01,Kirti Agritech ,https://www.youtube.com/watch?v=ljqbgytF5ik,rajnandgaon mandi bhav
1 April rajnandgaon sabji Mandi bhav#shorts#rajnandgaon#marketvlog#mandibhav#farmers#sabjimandi,2026-04-01,Mr. Agriman..🌱,https://www.youtube.com/watch?v=QSJaQ3zG8do,rajnandgaon mandi bhav
😨 इतना सस्ता? ₹9 Rate in CG Mandi | Real Ground Report,2026-03-31,omprakash ausar,https://www.youtube.com/watch?v=xubkT4hipeU,bhilai mandi sabji rate
rajnandgaon sabji mandi bhav #shorts#farmers #mandibhav #market #rajnandgaon#marketvlog#agriculture,2026-03-31,Kirti Agritech ,https://www.youtube.com/watch?v=kg7nNZ73zOg,rajnandgaon mandi bhav
31 March rajnandgaon sabji mandi bhav #shorts#mandibhav#rajnandgaon#mandivlogs#sabjimandi#farmers,2026-03-31,Mr. Agriman..🌱,https://www.youtube.com/watch?v=Wm-BK8OCPcw,rajnandgaon mandi bhav
31 मार्च 2026 आज सब्जी टमाटर थोक मंडी भाव राजनांदगांव सब्जी मंडी। today vegetables wholesale price ,2026-03-31,Hemant vaishnav ,https://www.youtube.com/watch?v=tma8keo51y8,rajnandgaon mandi bhav
29 March rajnandgaon sabji mandi bhav 👆#mandibhav#rajnandgaon#market#marketshorts#farmers,2026-03-29,Kirti Agritech ,https://www.youtube.com/watch?v=QJVOPwtKztg,rajnandgaon mandi bhav
29 March rajnandgaon sabji mandi bhav #shorts#rajnandgaon#marketvlog#mandibhav#farmers,2026-03-29,Mr. Agriman..🌱,https://www.youtube.com/watch?v=PuRGEJONTv8,rajnandgaon mandi bhav
29 मार्च 2026 आज सब्जी टमाटर थोक मंडी भाव vegetables wholesale price Rajnandgaon market Chhattisgarh,2026-03-29,Hemant vaishnav ,https://www.youtube.com/watch?v=9BJCzxzoQUs,rajnandgaon mandi bhav
"टमाटर में उछाल आया,खरबूजा का थोक मंडी भाव जानिए,today tomato price ",2026-03-28,Pawan sabji vlog,https://www.youtube.com/watch?v=x7dWIcPrBJo,bhilai mandi sabji rate
राजनांदगांव पुलिस द्वारा श्रद्धा एवं भक्ति भाव से माँ बम्लेश्वरी मंदिर में आरती एवं अर्चना की गई,2026-03-28,Dawa News,https://www.youtube.com/watch?v=hhaAgAHxsIg,rajnandgaon mandi bhav
28 March rajnandgaon sabji mandi bhav 👆 @mragriman #marketvlog #mandibhav#rajnandgaon #farmers ,2026-03-28,Mr. Agriman..🌱,https://www.youtube.com/watch?v=thbce_QI5cQ,rajnandgaon mandi bhav
27 march Rajnandgaon sabji mandi rates #shorts#rajnandgaon#marketvlog#farmer#mandibhav,2026-03-27,Mr. Agriman..🌱,https://www.youtube.com/watch?v=kCTlSZ4MY1k,rajnandgaon mandi bhav
27 मार्च 2026 आज सब्जी टमाटर थोक मंडी भाव राजनांदगांव सब्जी मंडी। vegetables wholesale price R.J.N.,2026-03-27,Hemant vaishnav ,https://www.youtube.com/watch?v=tshqLHpTMXU,rajnandgaon mandi bhav
 जानिये फल मंडी का ताजा भाव बहुत दिनों बाद आया पावर हाऊस भिलाई #Rohansabjiwala #cg #farming ,2026-03-26,ROHAN SABJIWALA ,https://www.youtube.com/watch?v=fDRn7l57vWY,bhilai mandi sabji rate
आज का मंडी भाव आज का टमाटर भाव भिलाई मंडी छत्तीसगढ़ #Rohansabjiwala #cg #farming #food #tomato ,2026-03-26,ROHAN SABJIWALA ,https://www.youtube.com/watch?v=7m1krwnvFT0,bhilai mandi sabji rate
26 March rajnandgaon sabji mandi rates #shorts#rajnandgaon#marketvlog#mandibhav#agriculture,2026-03-26,Mr. Agriman..🌱,https://www.youtube.com/watch?v=iNyeyjGbNso,rajnandgaon mandi bhav
25 march Rajnandgaon sabji mandi rates #rajnandgaon#farmer#shorts#marketvlog#mandibhav#sabjimandi,2026-03-25,Mr. Agriman..🌱,https://www.youtube.com/watch?v=-Cm-ifbvU_M,rajnandgaon mandi bhav
24 march Rajnandgaon sabji mandi rates#shorts#rajnandgaon#marketvlog#farmer#mandibhav#agriculture,2026-03-24,Mr. Agriman..🌱,https://www.youtube.com/watch?v=DIO5mHpctZc,rajnandgaon mandi bhav
SABZI MANDI BILASPUR🍆🫑🥕,2026-03-23,Bhagirathi Pradhan,https://www.youtube.com/watch?v=ZvhkhaCSu88,bilaspur mandi sabji rate
टमाटर रेट 80करेड दुर्ग सब्जी मंडी में इतवार के दिन #viral #vlogs #tamatar #sureshacter25 #durg #cg,2026-03-22,Sureshacter25,https://www.youtube.com/watch?v=jIuJYQJ_BbM,durg mandi sabji rate
20 मार्च 2026 आज सब्जी टमाटर ताजा थोक मंडी भाव राजनांदगांव सब्जी मंडी। today vegetables  wholesale ,2026-03-20,Hemant vaishnav ,https://www.youtube.com/watch?v=ktdOogp8EsQ,rajnandgaon mandi bhav
📍Rajnandgaon New Vy Luxe Multiplex Cinema hall vlog video Watch Dhurandhar Movie at New Cinema Hall,2026-03-19,theonlyone adventure life,https://www.youtube.com/watch?v=zseDJMCjcCc,rajnandgaon mandi bhav
#minivlog Bilaspur me retail sabji ke rate 💁‍♂️,2026-03-19,Shubham Gupta vlogs,https://www.youtube.com/watch?v=jUuTW2tzZhM,bilaspur mandi sabji rate
18 मार्च 2026 आज सब्जी टमाटर थोक मंडी भाव राजनांदगांव सब्जी मंडी। today vegetables wholesale price ,2026-03-18,Hemant vaishnav ,https://www.youtube.com/watch?v=QdBwmo59hgk,rajnandgaon mandi bhav
दुर्ग सब्जी मंडी हरा हरा सब्जी भाजी छठवां दिन #durg #sabjimandi #viral #vlogs #vlogsvideo #vlogs2026,2026-03-10,Sureshacter25,https://www.youtube.com/watch?v=SC9DajN34Jo,durg mandi sabji rate
my new blog ##    Bilaspur sabji Market thok ke rate mein milta Hai 😭😞🙏🙏 pyar sambandh 🙏,2026-03-06,Kartik Yadav Vlogs🙏 Happy New 2025🙏,https://www.youtube.com/watch?v=70tDmlcNeb4,bilaspur mandi sabji rate
दुर्ग मंडी के सब्जी भाव आज Durg Mandi Ke Sabji Bhav Aaj #cg #viral #vlog #Durg #Mandi #Sabji #Bhav,2026-02-26,Sureshacter25,https://www.youtube.com/watch?v=5jMydgiOqWI,durg mandi sabji rate
26 फरवरी 2026 आज सब्जी टमाटर थोक मंडी भाव। today wholesale vegetables price Rajnandgaon market C.G.,2026-02-26,Hemant vaishnav ,https://www.youtube.com/watch?v=FyqD05L00vg,bhilai mandi sabji rate
Bilaspur sabji mandi me bahut sara chana,2026-02-25,SYM Monu,https://www.youtube.com/watch?v=vEOVIKoN89s,bilaspur mandi sabji rate
 Chhattisgarh BILASPUR SABZI🍅 MANDI buy and sale 🍆🥒,2026-02-20,Bhagirathi Pradhan,https://www.youtube.com/watch?v=psA_TEumIVU,bilaspur mandi sabji rate
Kanwarram Super Cloth Market Bilaspur (Chhattisgarh)||supar market bilaspur cg||new video 2026,2026-02-17,Life with Prashant,https://www.youtube.com/watch?v=ec5uQWn-wsU,bilaspur mandi sabji rate
Sabji Mandi Tifra //Bilaspur //Chhattisgarh ,2026-02-05,Hasee,https://www.youtube.com/watch?v=jnGdJY6s2Yo,bilaspur mandi sabji rate
सब्जी मंडी दुर्ग #sabji #mandi #durg #chhattisgarh #tamatar,2026-01-31,Real bittu Vlogs,https://www.youtube.com/watch?v=rPyhAEPiIaw,durg mandi sabji rate
बुधवारी मछली बाजार बिलासपुर छत्तीसगढ़  ।।  Bhudhwari Fish Market Bilaspur chhattisgarh  ।।  Dk22 ,2026-01-14,Dk22,https://www.youtube.com/watch?v=KNwKlPWJr2E,bilaspur mandi sabji rate
"थोक सब्जी मंडी तिफारा, बिलासपुर छत्तीसगढ ।। Thok Sabji mandi Tifra Bilaspur Chhattisgarh ।।  Dk22 ",2026-01-13,Dk22,https://www.youtube.com/watch?v=P1eo8S-V1h8,bhilai mandi sabji rate
"शनिचरी मछली बाजार बिलासपुर छत्तीसगढ,Fish Market Bilaspur chhattisgarh। ",2026-01-11,Dk22,https://www.youtube.com/watch?v=sMuL8la8G3k,bilaspur mandi sabji rate
Bilaspur Budhwari Sabji Market | Sabse Sasta Vegetable Market in Chhattisgarh | Sabji Market Explore,2026-01-11,BusinessPUR,https://www.youtube.com/watch?v=xeQ2ouUGkzs,bilaspur mandi sabji rate
Sanichari Market Bilaspur | Sasta Bazar Chhattisgarh | Bilaspur Market  |  शनिचरी बाजार | बिलासपुर,2026-01-10,BusinessPUR,https://www.youtube.com/watch?v=jCA1wnohBl8,bilaspur mandi sabji rate
Bilaspur Brihaspati Sabji Market | Chhattisgarh Vegetable Market Explore | Cheap &amp; Fresh Veggies,2026-01-09,BusinessPUR,https://www.youtube.com/watch?v=kSFGo6_uEJc,bilaspur mandi sabji rate
Bilaspur Tifra Thok Sabzi Mandi बिलासपुर किफरा ठोक सब्ज़ी मंडी |सुबह की रौनक और ताज़ी सब्ज़ियाँ#vlog,2025-12-29,Saif with Vlogs ,https://www.youtube.com/watch?v=WNj2k3Sabow,bilaspur mandi sabji rate
दुर्ग छत्तीसगढ़ सब्जी मंडी भाव 7 दिसंबर 2025 Aaj ke Sabzi Wholesale Rates by Goldy Bhai,2025-12-07,समृद्ध स्वदेश,https://www.youtube.com/watch?v=qcosJfjS47E,durg mandi sabji rate
  तिफरा सब्जी मंडी बिलासपुर Tifra sabji mandi Bilaspur chhattisgarh ,2025-11-30,sunny vastrakar,https://www.youtube.com/watch?v=MnOI_BEucSc,bilaspur mandi sabji rate
थोक सब्जी मंडी कुम्हारी रायपुर ! Wholesale Sabji Mandi Kumhari Raipur,2025-11-26,Sukramsona vlogs,https://www.youtube.com/watch?v=4OCTkRwdp6g,durg mandi sabji rate
सब्जी मंडी रेट बिलासपुर (छ.ग.)2025 आज़ का भाव,2025-11-20,PRAKASH BHAINA⭐,https://www.youtube.com/watch?v=Jt7ZrjVHceM,bilaspur mandi sabji rate
सब्जी मंडी रेट बिलासपुर (छ.ग.)2025 आज़ का भाव,2025-11-19,PRAKASH BHAINA⭐,https://www.youtube.com/watch?v=XIiYr-5_JHY,bilaspur mandi sabji rate
सब्जी मंडी रेट बिलासपुर (छ.ग.)2025 आज़ का भाव,2025-11-17,PRAKASH BHAINA⭐,https://www.youtube.com/watch?v=SZdQ8CSYDjg,bilaspur mandi sabji rate
sabji mandi Bilaspur cg आज का भाव 2025,2025-11-12,PRAKASH BHAINA⭐,https://www.youtube.com/watch?v=VhrTfVcv_IM,bilaspur mandi sabji rate
sabji mandi Bilaspur cg आज का भाव 2025,2025-11-11,PRAKASH BHAINA⭐,https://www.youtube.com/watch?v=76FjBK3Qw0E,bilaspur mandi sabji rate
दुर्ग छत्तीसगढ़ सब्जी मंडी आज का थोक भाव  09 November 2025 💰💰,2025-11-09,समृद्ध स्वदेश,https://www.youtube.com/watch?v=ani19Ax-u4c,durg mandi sabji rate
"GRAND NEWS BILASPUR- तिफरा सब्जी मंडी विवाद ने पकड़ा तूल, जांच टीम पहुंची बिलासपुर...",2025-10-25,Bilaspur Grand News ,https://www.youtube.com/watch?v=wezIkT5dxSU,bilaspur mandi sabji rate
बिलासपुर बकरा मंडी 4600 कीमत मे 12 किलो मटन कक बकरा बिका #bakripalan,2025-10-24,100NU BUSINESS IDEAS,https://www.youtube.com/watch?v=mLxJ_8ryPQk,bilaspur mandi sabji rate
"Bilaspur tifra sabji mandi l तिफरा बिलासपुर सब्जी मंडी 2025 देखिए,आज इतना रेट रहा sabjimandiBilaspur",2025-10-14,Sunil Netam Vlogs,https://www.youtube.com/watch?v=XbLJagrUVeA,bilaspur mandi sabji rate
दुर्ग छत्तीसगढ़ थोक सब्जियों का आज का भाव । Durg Chhattisgarh sabzi Mandi thok bhaw ,2025-10-12,समृद्ध स्वदेश,https://www.youtube.com/watch?v=iFYLJx1BB2Y,durg mandi sabji rate
"बिलासपुर में में बड़ा हादसा, 15 की मौत #bilaspur #shorts #viral #news18indianumber1 #himachalpradesh",2025-10-07,News18 India,https://www.youtube.com/watch?v=8fNJHVctX40,bilaspur mandi sabji rate
दुर्ग छत्तीसगढ़ सब्जी मंडी भाव durg Chhattisgarh sabzi Mandi thok rate ,2025-10-05,समृद्ध स्वदेश,https://www.youtube.com/watch?v=1MGU1bIWjkI,durg mandi sabji rate
दुर्ग छत्तीसगढ़ सब्जी मंडी थोक भाव 14 सितंबर 2025 ,2025-09-15,समृद्ध स्वदेश,https://www.youtube.com/watch?v=Mq6ppzGs6i8,durg mandi sabji rate
बिलासपुर मंडी 🧅🫚#sabji #vegitablemarket #aaloosabji #aalu #aalooparatha #aalooplays #vegit,2025-09-15,Lp Patel sa 1m 2week,https://www.youtube.com/watch?v=bJK1bNubncI,bilaspur mandi sabji rate
Sabje  mandi Bilaspur#तिफरा#2मुखी  बिलासपुर सब्जी एवं फल मंडी#बिलासपुर,2025-09-14,King of Bilha 25,https://www.youtube.com/watch?v=-Tz4WFOVrJA,bilaspur mandi sabji rate
Bilaspur tifra mandi full vlog video ,2025-09-10,Shubham Gupta vlogs,https://www.youtube.com/watch?v=Hm4OPcAyCXQ,bilaspur mandi sabji rate
10/09/2025🥦🍅🍆🫑🥕sabji mandi Bilaspur Chhattisgarh  आज का भाव,2025-09-10,PRAKASH BHAINA⭐,https://www.youtube.com/watch?v=ultAnaKuFuA,bilaspur mandi sabji rate
दुर्ग छत्तीसगढ़ सब्जी मंडी थोक मूल्य 7 सितम्बर 2025,2025-09-08,समृद्ध स्वदेश,https://www.youtube.com/watch?v=8BMxLT9cl2Q,durg mandi sabji rate
बिलासपुर तिफरा सब्जी मंडी करेला के रेट 22₹किलो #minivlog #reels #video #viral #funny #cgsong,2025-09-06,Cg patel sabji wala ,https://www.youtube.com/watch?v=YVu0TXm9KyU,bilaspur mandi sabji rate
5 सितंबर 2025 जाने सब्जी टमाटर थोक मंडी भाव राजनांदगांव सब्जी मंडी। Rajnandgaon sabji market C.G,2025-09-05,Hemant vaishnav ,https://www.youtube.com/watch?v=NDoGKdpRUMo,durg mandi sabji rate
बिलासपुर तिफरा सब्जी मंडी टमाटर 🍅 के रेट 370₹ #minivlog #reels #video #viral #cgsong #funny,2025-09-05,Cg patel sabji wala ,https://www.youtube.com/watch?v=TXIwU3qgs8Q,bilaspur mandi sabji rate
दुर्ग छत्तीसगढ़ सब्जी मंडी थोक भाव 31 अगस्त 2025। Durg sabji Mandi thok Bhav. Wholesale Mandi Rates,2025-08-31,समृद्ध स्वदेश,https://www.youtube.com/watch?v=0lz6vymotOU,durg mandi sabji rate
29/08/2025🥦🍅🍆🫑🥕sabji mandi Bilaspur Chhattisgarh आज का भाव,2025-08-29,PRAKASH BHAINA⭐,https://www.youtube.com/watch?v=PlMvWLHYI6M,bilaspur mandi sabji rate
27/08/2025🥕🫑🍆🍅🥦 mushroom sabji mandi Bilaspur Chhattisgarh आज का भाव,2025-08-27,PRAKASH BHAINA⭐,https://www.youtube.com/watch?v=v6R98gP5l2E,bilaspur mandi sabji rate
"25 August 2025 सब्जियों का होलसेल रेट पहाड़िया मंडी वाराणसी  #today market vegetable price, ",2025-08-25,Ashish Kumar vlogs,https://www.youtube.com/watch?v=sHhGJYaC7m8,bhilai mandi sabji rate
24/08/ 2025 🥦🍅🍆🫑🥕sabji mandi Bilaspur Chhattisgarh आज का भाव,2025-08-24,PRAKASH BHAINA⭐,https://www.youtube.com/watch?v=aq2aO0S2N6c,bilaspur mandi sabji rate
21/08/2025🥦🍅🥕🫑🍆sabji mandi Bilaspur Chhattisgarh आज का भाव,2025-08-21,PRAKASH BHAINA⭐,https://www.youtube.com/watch?v=6Bcb9a_WvP4,bilaspur mandi sabji rate
BILASPUR TO KORBA MANDI // आख़िर क्यों भाड़ कम मिला मुझे ? ,2025-08-15,Somen Vlogs,https://www.youtube.com/watch?v=S21RfddoTuo,bilaspur mandi sabji rate
बिलासपुर तिफरा सब्जी मंडी #minivlog #reels #video #viral #cgsong,2025-08-06,Cg patel sabji wala ,https://www.youtube.com/watch?v=AVmq6B8vl98,bilaspur mandi sabji rate
"Tifra Bilaspur sabji mandi 2025 ll तिफरा बिलासपुर सब्जी मंडी 2025 देखिए, आज का रेट ",2025-08-06,Sunil Netam Vlogs,https://www.youtube.com/watch?v=0B-3jAi8Hh8,bilaspur mandi sabji rate
दुर्ग सब्जी मंडी गाड़ी लोडिंग #mandi #durg,2025-08-05,Tinku Sahu,https://www.youtube.com/watch?v=T8AObN3Pgu0,durg mandi sabji rate
घुइया का भाव 👌 Arbi ka rate ❤️sabji mandi barabanki 🥕 #shafeeqmohammad #mandi #barabanki_news,2025-08-05,Shafeeq Barabanki ,https://www.youtube.com/watch?v=yI4Tmjk-Oug,bhilai mandi sabji rate
"आज का रेट  सुन लो,  tifra Bilaspur sabji mandi 2025 l तिफरा बिलासपुर सब्जी मंडी 2025 l sabjimandi ",2025-08-03,Sunil Netam Vlogs,https://www.youtube.com/watch?v=jpEeGI5acww,bilaspur mandi sabji rate
"Bilaspur tifra sabji mandi 2025 l बिलासपुर तिफरा  सब्जी मंडी , देखिए आज इतना सस्ता यहां की सब्जीया ",2025-07-29,Sunil Netam Vlogs,https://www.youtube.com/watch?v=GQ_R4tg_gXc,bilaspur mandi sabji rate
छत्तीसगढ़ बिलासपुर चकरभाठा थोक सब्जी मंडी रेट #trndingshorts #bilaspurchhattisgarh,2025-07-28,CG Short ,https://www.youtube.com/watch?v=8aXhP9H-xIs,bilaspur mandi sabji rate
दुर्ग छत्तीसगढ़ सब्जी मंडी ओर भिलाई पॉवर हाउस फल मंडी 27 जुलाई 2025,2025-07-27,समृद्ध स्वदेश,https://www.youtube.com/watch?v=F53VtMb3TTg,bhilai mandi sabji rate
bilaspur chhattisgarh thok sabji mandi rate,2025-07-18,CG Short ,https://www.youtube.com/watch?v=_qjr8Bdqq3c,bilaspur mandi sabji rate
देखिए पावर हाउस भिलाई की फल मंडी #morbhilai #सबसे बड़ी फल मंडी भिलाई #fruitmarketbhilai,2025-07-14,Mor Bhilai ,https://www.youtube.com/watch?v=08I_iWXG-Kg,bhilai mandi sabji rate
मिर्ची 🌶️🥵100₹/Bilaspur mandi 👍#sabjimandibhav #trending #shorts #youtubeshorts,2025-07-13,हमर Rajendra bsp ,https://www.youtube.com/watch?v=D9ITersolrk,bilaspur mandi sabji rate
सेब का भाव🥰 Apple rate today 😋 barabanki sabji Mandi 🥭 #shafeeqmohammad #mandinews #apple #fruits,2025-07-10,Shafeeq Barabanki ,https://www.youtube.com/watch?v=omuiTthdXR8,bhilai mandi sabji rate
👉 दुर्ग मंडी बारिश में बेहाल | 9 जुलाई सब्जी रेट रिपोर्ट,2025-07-09,समृद्ध स्वदेश,https://www.youtube.com/watch?v=FSDV_0K0FJo,durg mandi sabji rate
Takhatpur Chhattisgarh sabji mandi Bilaspur jila#vegitablemarket ...#vlog ...#indianmarket,2025-07-09,Omkar Dhuri vlog,https://www.youtube.com/watch?v=88vwLmOzb1M,bilaspur mandi sabji rate
"GRAND NEWS BILASPUR:टमाटर हुआ लाल,सब्जियों की कीमत छूने लगी आसमान",2025-07-08,Bilaspur Grand News ,https://www.youtube.com/watch?v=toNg_97kp8k,bilaspur mandi sabji rate
दुर्ग छत्तीसगढ़ सब्जी मंडी थोक मूल्य 5 जुलाई 2025,2025-07-05,समृद्ध स्वदेश,https://www.youtube.com/watch?v=LD2dk12pL0Q,durg mandi sabji rate
#111 गलती से छत्तीसगढ़ के सबसे बड़े सब्जी मंडी में आ गए 😂 #tifrasabjimandi #bilaspur #chhattisgarh,2025-07-03,Traveller Daulat,https://www.youtube.com/watch?v=Ruc_KJ5_ajY,bilaspur mandi sabji rate
दुर्ग सब्जी मंडी रेट 27 जून 2025,2025-06-27,समृद्ध स्वदेश,https://www.youtube.com/watch?v=5kBzUd6oQco,durg mandi sabji rate
दुर्ग छत्तीसगढ़ सब्जी मंडी 26 जून 2025,2025-06-26,समृद्ध स्वदेश,https://www.youtube.com/watch?v=WmRfcF0glLI,durg mandi sabji rate
दुर्ग छत्तीसगढ़ सब्जी मंडी 20 जून 2025,2025-06-20,समृद्ध स्वदेश,https://www.youtube.com/watch?v=CYVR0V3k5Ic,durg mandi sabji rate
दुर्ग छत्तीसगढ़ सब्जी मंडी थोक मूल्य 18 जून 2025,2025-06-18,समृद्ध स्वदेश,https://www.youtube.com/watch?v=PeWQRjBUHqU,durg mandi sabji rate
#sabzimandi #bilaspur #vegitablemarket #fruit#trendingshorts #youtubeshorts · #viralvideos · #short,2025-06-18,roshan kumar ,https://www.youtube.com/watch?v=__a4_Or_GNs,bilaspur mandi sabji rate
दुर्ग छत्तीसगढ़ सब्जी मंडी थोक भाव 17 जून 2025,2025-06-17,समृद्ध स्वदेश,https://www.youtube.com/watch?v=X9f7I6VbZMs,durg mandi sabji rate
"Bilaspur sabji mandi 2025 ll tifra Bilaspur sabji mandi 2025, देखिए, इतना सस्ता सारा कुछ",2025-06-10,Sunil Netam Vlogs,https://www.youtube.com/watch?v=SLo79DkwDZc,bilaspur mandi sabji rate
8 June 2025 यहाँ मिलेगा सस्ता में टमाटर सुपेला भिलाई मंडी छत्तीसगढ़ aaj ka mandi #Rohansabjiwala,2025-06-08,ROHAN SABJIWALA ,https://www.youtube.com/watch?v=GiND4ewuK7M,bhilai mandi sabji rate
31 मई 2025 दुर्ग सब्जी मंडी थोक रेट #trending #farming #vegetableprices #सब्जी_कीमतें #सब्जीमंडीभाव,2025-05-31,समृद्ध स्वदेश,https://www.youtube.com/watch?v=iyoWz6cf4GA,durg mandi sabji rate
दुर्ग सब्जी मंडी 31 मई 2025,2025-05-31,समृद्ध स्वदेश,https://www.youtube.com/watch?v=XLojpnYdDbI,durg mandi sabji rate
आज खरबूजा भाव तीफ़रा मंडी बिलासपुर#fruit #food #fruits #healthyfood #healthy #foodie #vegan #fresh .,2025-05-31,roshan kumar ,https://www.youtube.com/watch?v=ere8fY2Pcmk,bilaspur mandi sabji rate
30 मई 2025 दुर्ग सब्जी मंडी थोक भाव#trending #farming #vegetableprices,2025-05-30,समृद्ध स्वदेश,https://www.youtube.com/watch?v=uuRQTR8dLkQ,durg mandi sabji rate
Thok sabji Mandi Dhamdha road Durg||chhattisgarh🔥😍#shorts #short #youtubeshorts #shortvideo,2025-05-28,SUSHANT VLOG36,https://www.youtube.com/watch?v=qxfAHahYRNQ,durg mandi sabji rate
25 May 2025 Bhilai sabji mandi tamatar ka rate #tomato,2025-05-25,Alls Entertainment,https://www.youtube.com/watch?v=naYQfwBv-Vs,bhilai mandi sabji rate
भिलाई मंडी छत्तीसगढ़ cg vlog video #Rohansabjiwala,2025-05-25,ROHAN SABJIWALA ,https://www.youtube.com/watch?v=xf78dPO2F5s,bhilai mandi sabji rate
Bhilai sabji mandi Aaj tamatar ka bhav #tomato,2025-05-24,Alls Entertainment,https://www.youtube.com/watch?v=DKFaQ0m1yxA,bhilai mandi sabji rate
बिलासपुर बकरा मंडी सस्ते बकरी यहाँ मिलेगा #bakramandi  #bilaspurbakramandi bilaspur me bakra bakri,2025-05-18,100NU BUSINESS IDEAS,https://www.youtube.com/watch?v=66DtJmJE-Tc,bilaspur mandi sabji rate
15 May 2025 अपना सब्जी बेचना है तो यहाँ आओ दुर्ग मंडी छत्तीसगढ़ tomoto price today #Rohansabjiwala,2025-05-15,ROHAN SABJIWALA ,https://www.youtube.com/watch?v=ZSIgS6O5GHU,durg mandi sabji rate
durg sabji Mandi #vegetableprices #trending,2025-05-10,समृद्ध स्वदेश,https://www.youtube.com/watch?v=_nDBmw4CSuk,durg mandi sabji rate
गोभी का मंडी भाव जानकर हैरान हो जाएंगे भिलाई सब्जी मंडी छत्तीसगढ़ #bhilai #gobhikamandibhav,2025-05-04,CG kalakar,https://www.youtube.com/watch?v=RlS5cVsHT2E,bhilai mandi sabji rate
टमाटर का हो गया सस्ता भिलाई छत्तीसगढ़ #tamatr #cg #bhilai,2025-05-03,CG kalakar,https://www.youtube.com/watch?v=bFxLLxR3SWE,bhilai mandi sabji rate
कटहल सस्ता है भिलाई मंडी छत्तीसगढ़ #Rohansabjiwala,2025-04-09,ROHAN SABJIWALA ,https://www.youtube.com/watch?v=3qRTtbddTRg,bhilai mandi sabji rate
9 April 2025  भिलाई पावर हाऊस फल मंडी छत्तीसगढ़ यहाँ सस्ता मिलेगा फल #Rohansabjiwala,2025-04-09,ROHAN SABJIWALA ,https://www.youtube.com/watch?v=Pn87C8q6a_Q,bhilai mandi sabji rate
फल मंडी लालपुर रायपुर छत्तीसगढ़ #Rohansabjiwala,2025-04-02,ROHAN SABJIWALA ,https://www.youtube.com/watch?v=rjo6U6fyweE,bilaspur mandi sabji rate
भिंडी का मंडी भाव #cg #bhindi #भिंडी_की_खेती #bhilai,2025-03-29,CG kalakar,https://www.youtube.com/watch?v=ia8UN-PcSNM,bhilai mandi sabji rate
Chhattisgarh ka durg sahar ka sabji mandi,2025-03-20,chhattisgarhviralvloger ,https://www.youtube.com/watch?v=mme2KiU90lI,durg mandi sabji rate
यहाँ मिलेगा कटहल भिलाई मंडी छत्तीसगढ़ tomoto price today aaj ka mandi bhav #Rohansabjiwala,2025-03-03,ROHAN SABJIWALA ,https://www.youtube.com/watch?v=ZeOXdzS6q5I,bhilai mandi sabji rate
Bhilai sabji mandi 🍅🍅🍅,2025-02-20,🙏जय जोहार संगवारी हो 🙏,https://www.youtube.com/watch?v=rS6Cp1K5O4c,bhilai mandi sabji rate
फल मंडी भिलाई#भिलाई #cgkisan #phalmandibhillai #cgreels,2025-02-09,CG kalakar,https://www.youtube.com/watch?v=bbM5a9Qndac,bhilai mandi sabji rate
BHILAI SABJI MARKET!!CG KALAKAR GITESH!! सब्जी मंडी!!cgvlog,2025-02-08,CG kalakar,https://www.youtube.com/watch?v=G2om7QcSddM,bhilai mandi sabji rate
#bilaspur #streetfood #sabjimarket #indianmarket #agriculture #vegitablemarket #sabjimandi,2025-02-05,Villager sabji wale,https://www.youtube.com/watch?v=1TdAIOlttP8,bilaspur mandi sabji rate
Kanwarram Super Cloth Market Bilaspur (Chhattisgarh)||supar market bilaspur cg||new video 2025,2025-02-01,Life with Prashant,https://www.youtube.com/watch?v=GKzSBHidsL8,bilaspur mandi sabji rate
New Fruit Market Bilaspur Chhattisgarh sahu ji vlogs,2025-01-31,Sahu Ji Vlogs ,https://www.youtube.com/watch?v=euneyY-vR7c,bilaspur mandi sabji rate
दुर्ग मंडी सब्जी थोक रेट 23 जनवरी 2025,2025-01-23,समृद्ध स्वदेश,https://www.youtube.com/watch?v=JIA6MjYEC6M,durg mandi sabji rate
सुबह 5-7 बजे का दुर्ग सब्जी मंडी रेट 22 जनवरी 2025,2025-01-22,समृद्ध स्वदेश,https://www.youtube.com/watch?v=g3e_0JX-36c,durg mandi sabji rate
भिलाई सब्जी मंडी #semi ka मंडी भाव#cg #bhilai,2025-01-21,CG kalakar,https://www.youtube.com/watch?v=YAlRkAFuEUc,bhilai mandi sabji rate
😱 टमाटर🍅  तिफरा सब्जी मंडी बिलासपुर छत्तीसगढ़,2025-01-17,ishwar Rajput vlog,https://www.youtube.com/watch?v=lOB4HbzAGCM,bilaspur mandi sabji rate
गोरखपुर महेवा #SABJI मंडी थोक रेट  live #video #indianmarket ❤️❤️..…,2025-01-14,Sunny Nishad,https://www.youtube.com/watch?v=lU2wKTfd4fQ,bhilai mandi sabji rate
दुर्ग सब्जी मंडी सब्जियों थोक रेट 12 जनवरी 2025,2025-01-12,समृद्ध स्वदेश,https://www.youtube.com/watch?v=IR9WKryrRd8,durg mandi sabji rate
दुर्ग सब्जी मंडी सब्जियों थोक रेट 10 जनवरी 2025,2025-01-10,समृद्ध स्वदेश,https://www.youtube.com/watch?v=jPymGmIqdnA,durg mandi sabji rate
दुर्ग मंडी सब्जी थोक रेट 5 जनवरी 2025,2025-01-05,समृद्ध स्वदेश,https://www.youtube.com/watch?v=s5CRMwA9qkA,durg mandi sabji rate
दुर्ग मंडी सब्जी थोक रेट 3 जनवरी 2025,2025-01-03,समृद्ध स्वदेश,https://www.youtube.com/watch?v=8HGC8B3WTaE,durg mandi sabji rate
Jabalpur sabji mandi। जबलपुर टमाटर सब्जीमंडी। टमाटर का रेट हो गया काम। 8770461362#viralvideo #food,2025-01-03,mr. SK Sabji vlog ,https://www.youtube.com/watch?v=3ojbxZAtNFM,bhilai mandi sabji rate
दुर्ग सब्जी मंडी सब्जियों का थोक भाव,2024-12-31,समृद्ध स्वदेश,https://www.youtube.com/watch?v=Gr-mXmyqsuk,durg mandi sabji rate
दुर्ग मंडी सब्जी थोक रेट 31 दिसंबर 2024,2024-12-31,समृद्ध स्वदेश,https://www.youtube.com/watch?v=t5C9J3U1ebM,durg mandi sabji rate
दुर्ग सब्जी मंडी थोक रेट 26 दिसंबर  2024,2024-12-26,समृद्ध स्वदेश,https://www.youtube.com/watch?v=fWL1f5lBSfY,durg mandi sabji rate
बिलासपुर सब्जी मंडी आज का ताजा भाव 5 दिसंबर 2024 दिन गुरुवार आज का ताज भाव ताजा अपडेट मूल्य रेट के,2024-12-05,Villager sabji wale,https://www.youtube.com/watch?v=q3euhrwx0wA,bilaspur mandi sabji rate
धमधा मंडी छत्तीसगढ़ आज का टमाटर भाव ##Rohansabjiwala,2024-12-04,ROHAN SABJIWALA ,https://www.youtube.com/watch?v=w1_2p3GsmII,durg mandi sabji rate
"दुर्ग मंडी छत्तीशगढ़ भिंडी 50, 55 रु किलो#minivlog #youtubeshort​",2024-12-03,ghanshyam sahu,https://www.youtube.com/watch?v=zQd288gHXYM,durg mandi sabji rate
पावर हाउस फल और दुर्ग सब्जी मंडी सब्जियों का थोक रेट,2024-12-01,समृद्ध स्वदेश,https://www.youtube.com/watch?v=qgLNFfQvUlI,durg mandi sabji rate
बिलासपुर सब्जी मंडी आज का ताजा भाव ताजा अपडेट के साथ 29 नवंबर 2024 शुक्रवार टमाटर का रेट मेंभारी बढ़,2024-11-29,Villager sabji wale,https://www.youtube.com/watch?v=r17ddJB_wJY,bilaspur mandi sabji rate
बिलासपुर सब्जी मंडी आज का ताजा भाव ताजा अपडेट के हिसाब से मूल्य टमाटर के रेट में आज भारी बढ़ोतरीहुई,2024-11-27,Villager sabji wale,https://www.youtube.com/watch?v=8O4Iv-9Uer0,bilaspur mandi sabji rate
"बिलासपुर तीफरा सब्जी मंडी 2024 l bilaspur tifra sabji mandi 2024, देखिए इतना सस्ता सब्जी मंडी में 😲",2024-11-26,Sunil Netam Vlogs,https://www.youtube.com/watch?v=Eo60KeYoIqk,bilaspur mandi sabji rate
bilaspur sabji Mandi आज का ताजा भाव ताजा अपडेट मूल्य रेट में भारी बढ़ोतरी हुई,2024-11-26,Villager sabji wale,https://www.youtube.com/watch?v=8R_V1qpJZug,bilaspur mandi sabji rate
bilaspur sabji Mandi new आज का ताज भाव बिलासपुर सब्जी मंडी टमाटर के रेट म होती है 1000 से 1050 तक का,2024-11-25,Villager sabji wale,https://www.youtube.com/watch?v=2G14Dc9E0Ik,bilaspur mandi sabji rate
24 नवंबर 2024 को दुर्ग सब्जी मंडी में सब्जियों का थोक रेट #trending #shorts #मंडीभाव,2024-11-24,समृद्ध स्वदेश,https://www.youtube.com/watch?v=yladFByAsGU,durg mandi sabji rate
दुर्ग सब्जी मंडी थोक रेट 24 नवंबर 2024,2024-11-24,समृद्ध स्वदेश,https://www.youtube.com/watch?v=SUxasr3wfEU,durg mandi sabji rate
bilaspur sabji Mandi आज का ताजा भाव ताजा अपडेट मूल्य रेट में भारी बढ़ोतरी सब्जियों का आज बाजार बहुत,2024-11-24,Villager sabji wale,https://www.youtube.com/watch?v=FALbJ2i-UpI,bilaspur mandi sabji rate
22 नवंबर 2024 दुर्ग सब्जी मंडी में सब्जियों का थोक रेट #trending #shorts #मंडीभाव,2024-11-22,समृद्ध स्वदेश,https://www.youtube.com/watch?v=9NiUsO70Dkc,durg mandi sabji rate
दुर्ग मंडी सब्जी थोक रेट 22 Nov 2024,2024-11-22,समृद्ध स्वदेश,https://www.youtube.com/watch?v=NqJL-69n2yc,durg mandi sabji rate
दुर्ग सब्जी मंडी भाव 21 नवंबर 2024। durg sabji Mandi thok rate 21 novmber 2024।,2024-11-21,समृद्ध स्वदेश,https://www.youtube.com/watch?v=9GxCA-50Xrw,durg mandi sabji rate
बिलासपुर सब्जी मंडी आज का ताज भाव ताजा मूल्य रेट अपडेट क शुरूमें मांगा था बाद में सस्ता हो गया टमाटर,2024-11-15,Villager sabji wale,https://www.youtube.com/watch?v=JTHcSLpqq0E,bilaspur mandi sabji rate
बिलासपुर सब्जी मंडी आज का ताज भाव टमाटर आलू प्याज धनिया मिर्चा सभी का ताजा रेट,2024-11-11,Villager sabji wale,https://www.youtube.com/watch?v=gtW0u6oXxZE,bilaspur mandi sabji rate
बिलासपुर सब्जी मंडी आज का ताजा भाव ताजा अपडेट के साथ टमाटर आज सस्ता हो गयाहै 700 से 7:30 पर का रेट ट,2024-11-08,Villager sabji wale,https://www.youtube.com/watch?v=RN29iZcHuVI,bilaspur mandi sabji rate
बिलासपुर सब्जी मंडी आज का ताजा अपडेट के साथ आज टमाटर की रेट थोड़ा काम हुआ है बेंगलुरु टमाटर थोड़ा सस,2024-11-06,Villager sabji wale,https://www.youtube.com/watch?v=RaJE8WHjiIY,bilaspur mandi sabji rate
बिलासपुर सब्जी मंडी आज का ताज भाव ताजा रेट अपडेट मूल्य के साथमें आज टमाटर का रेट बढ़ चुका है दोस्तों,2024-11-04,Villager sabji wale,https://www.youtube.com/watch?v=plYczpzFta4,bilaspur mandi sabji rate
बिलासपुर सब्जी मंडी आज काताजा रेट से लेकर हर दिन बुधवार,2024-11-02,Villager sabji wale,https://www.youtube.com/watch?v=ctqB2TvoroY,bilaspur mandi sabji rate
छीता फल दुर्ग सब्जी मंडी  रेट मे भारी उछाल #minivlog #Viral #short #video #c.g.garibkisan,2024-10-30,ghanshyam sahu,https://www.youtube.com/watch?v=CCAN0Q4P1cw,durg mandi sabji rate
बिलासपुर सब्जी मंडी आज का ताज भाव हरा सब्जी और टमाटर रेट मूल्य के साथ में न्यू अपडेट के साथ में न्यू,2024-10-30,Villager sabji wale,https://www.youtube.com/watch?v=8idETfm6KGI,bilaspur mandi sabji rate
आज का भाव बिलासपुर सब्जी मंडी ताजा रेट धनतेरस की वजह से आज हर सभी टमाटर में गिरावट बिलासपुर,2024-10-29,Villager sabji wale,https://www.youtube.com/watch?v=yiQexsSTOLU,bilaspur mandi sabji rate
&quot;सब्जियों के थोक रेट में भारी उथल-पुथल | sabjiyo ka thok ret।,2024-10-28,समृद्ध स्वदेश,https://www.youtube.com/watch?v=MzgFMOZdRds,durg mandi sabji rate
बिलासपुर सब्जी मंडी आज का ताजा भाव होली में भाव बिलासपुर सब्जी मंडी आज काताजा रेट to डे अपडेट लाइव,2024-10-27,Villager sabji wale,https://www.youtube.com/watch?v=bYa-coWpeZI,bilaspur mandi sabji rate
बिलासपुर सब्जी मंडी आज काताजा रेट टमाटर अच्छे से 700 का रेट गोली टमाटर हरा सब्जी मेंbharee सस्ता,2024-10-25,Villager sabji wale,https://www.youtube.com/watch?v=aspbRBU2e3c,bilaspur mandi sabji rate
बिलासपुर सब्जी मंडी आज का ताजा भाव टमाटर से लेकर हर सब्जी का सभी का ताजा रेट अपडेटमूल्य बोली में जो,2024-10-22,Villager sabji wale,https://www.youtube.com/watch?v=61oKgwzqpto,bilaspur mandi sabji rate
बिलासपुर सब्जी मंडी आज काताजा रेट से लेकर हरा सब्जी रेट तक,2024-10-21,Villager sabji wale,https://www.youtube.com/watch?v=hByeIUsPJio,bilaspur mandi sabji rate
आज का थोक रेट दुर्ग सब्जी मंडी।sabji Mandi thok ret!,2024-10-20,समृद्ध स्वदेश,https://www.youtube.com/watch?v=ubROjIliPAE,durg mandi sabji rate
बिलासपुर सब्जी मंडी आज काताजा रेट से लेकर हरा सब्जी रेट बोली में टमाटर धनिया मिर्च आलू प्याज नया अदर,2024-10-20,Villager sabji wale,https://www.youtube.com/watch?v=iQywAnVM-kA,bilaspur mandi sabji rate
बिलासपुर सब्जी मंडी का ताजा भाव बोली का मूल्य रेट जाने हमारे  चैनल के माध्यम से हर दिनका टमाटर अन्य,2024-10-15,Villager sabji wale,https://www.youtube.com/watch?v=OxnhCOcOS1s,bilaspur mandi sabji rate
टमाटर और अन्य सब्जियों का थोक रेट सब्जी मंडी दुर्ग छत्तीसगढ 13 अक्टूबर 2024 #trending #shorts,2024-10-13,समृद्ध स्वदेश,https://www.youtube.com/watch?v=Y1N-Xl7InyM,durg mandi sabji rate
दुर्ग सब्जी मंडी सब्जियों का थोक भाव।durg sabji Mandi thok rate।13 अक्टूबर 2024,2024-10-13,समृद्ध स्वदेश,https://www.youtube.com/watch?v=uvmYn2NJKEc,durg mandi sabji rate
आज का भाव बिलासपुर सब्जी मंडी टमाटर और हर सब्जियों काताजा रेट,2024-10-12,Villager sabji wale,https://www.youtube.com/watch?v=FGFVEFtVoLI,bilaspur mandi sabji rate
10 अक्टूबर 2024 बिलासपुर सब्जी मंडी सभी सब्जियों का ताजा रेट बोली में टमाटर धनिया मिर्च आलू प्याज से,2024-10-10,Villager sabji wale,https://www.youtube.com/watch?v=OGCghn7wtBE,bilaspur mandi sabji rate
दुर्ग सब्जी मंडी सब्जियों का थोक रेट। 05/10/24 #trending #shorts #धान,2024-10-05,समृद्ध स्वदेश,https://www.youtube.com/watch?v=Az69uwU19OM,durg mandi sabji rate
तिफरा सब्जी मंडी बिलासपुर सभी सब्जी काताजा रेट 2 अक्टूबर 2024 दिन बुधवार सुबह टाइम 🍅👍🥒🥬🫑🥦🧬👀😘🥦🫑🥬🥒📌🤳🙏🍅,2024-10-02,Villager sabji wale,https://www.youtube.com/watch?v=FDTXRIs6FEY,bilaspur mandi sabji rate
आज का भाव बोली में बिलासपुर सब्जी मंडी रेट मशरूम फोटो करील बॉडी में कितना कटा#sabjimandibhavtoday,2024-09-29,Villager sabji wale,https://www.youtube.com/watch?v=31C2GsYWLoY,bilaspur mandi sabji rate
आज का ताज भाव बिलासपुर सब्जी मंडी का भोली में जो काटा सभी सब्जी का रेट बोली में काटा,2024-09-22,Villager sabji wale,https://www.youtube.com/watch?v=Jk-AMNa_cq0,bilaspur mandi sabji rate
#bilaspur आज का भाव बिलासपुर सब्जी मंडी गली टमाटर 1130 रेट मेंकाटा,2024-09-21,Villager sabji wale,https://www.youtube.com/watch?v=sM-QPy83lcQ,bilaspur mandi sabji rate
बिलासपुर सुखी मंडी आज का ताज रेट करीला आरएस 35 कथा लोकल वाला,2024-09-21,Villager sabji wale,https://www.youtube.com/watch?v=bYJRT_pQ1Ts,bilaspur mandi sabji rate
बिलासपुर सब्जी मंडी का ताजा रेट फास्ट्रेक ट्रेंडिंग सोंग सीजी पीपी सब्जी का ताजा रेट,2024-09-20,Villager sabji wale,https://www.youtube.com/watch?v=GB4JT-vegCQ,bilaspur mandi sabji rate
बिलासपुर मंडी भाव आप देखिए भिंडी क्या भाव बिका है आज का #bilaspur,2024-09-18,Villager sabji wale,https://www.youtube.com/watch?v=WFPNn8tc1-s,bilaspur mandi sabji rate
दुर्ग में सब्जियों का थोक रेट #trending #shorts #samriddh swadesh,2024-08-20,समृद्ध स्वदेश,https://www.youtube.com/watch?v=nhQaIai7oUA,durg mandi sabji rate
दुर्ग मंडी छत्तीसगढ़ Tamater 450 रू कैरेट #vlog #Rohansabjiwala,2024-08-04,ROHAN SABJIWALA ,https://www.youtube.com/watch?v=q0aGi3hvjxA,durg mandi sabji rate
gol bazar bilaspur chhattisgarh || bilaspur sasta market || places to visit in bilaspur chhattisgarh,2024-07-28,Doresh vlogs,https://www.youtube.com/watch?v=8ZvzCYUE-eg,bilaspur mandi sabji rate
दुर्ग उपज मंडी सब्जी का भाव 10/07/2024 #trending #agriculture #shorts,2024-07-10,समृद्ध स्वदेश,https://www.youtube.com/watch?v=6F9fW_22bhU,durg mandi sabji rate
aaj ka Dhaniya ka rate Bilaspur Mandi Tripura,2024-06-19,JM vlog,https://www.youtube.com/watch?v=v8sIMjRXPuA,bilaspur mandi sabji rate
सब्जी मंडी बिलासपुर रेट 2024#indianmarket #bilaspurcg #shorts,2024-06-16,PRAKASH BHAINA⭐,https://www.youtube.com/watch?v=MJfspzLlK6g,bilaspur mandi sabji rate
#आज_का_मंडी_भाव #mandibhavjankari #हरीमिर्च #दुबग्गा सब्जी मंडी भाव#हरी सब्जियों के रेट#मिर्चकाभाव।,2024-06-14,maurya agriculture,https://www.youtube.com/watch?v=fR5jh3yi4FM,bhilai mandi sabji rate
"Thok Sabji Mandi ,Bandhwapara ,Hemu Nagar, Bilaspur",2024-05-21,Point.of.व्यू ,https://www.youtube.com/watch?v=FMKFMl8VOKo,bilaspur mandi sabji rate
रतनपुर थोक सब्जी मण्डी मार्केट बिलासपुर छत्तीसगढ़  Wholesale 🍆Vegetable 🥒 Market Ratanpur,2024-05-12,Hemupatelvlog,https://www.youtube.com/watch?v=h0f5htTLcN8,bilaspur mandi sabji rate
bilaspur market chhattisgarh #bilaspur #market #saree #youtubeshorts #sareevlog #viral,2024-03-26,Anjit Vlogging,https://www.youtube.com/watch?v=5RK8FUU3vkY,bilaspur mandi sabji rate
bhilai sabji mandi 10/02/24,2024-03-10,Rajendra Verma,https://www.youtube.com/watch?v=x703anwA42Y,bhilai mandi sabji rate
करेले का रेट नागपुर सब्जी मंडी में ।।   10.3.24,2024-03-10,Nagpur sabji mandi ,https://www.youtube.com/watch?v=mUMtc7r39QE,bhilai mandi sabji rate
😍सबसे सस्ता समान बिलासपुर छत्तीसगढ #bilaspur #cg #sasta #viral #shorts #ytshorts #trending #golbazar,2024-03-01,VINAY PATEL,https://www.youtube.com/watch?v=uDpVZz_aA-Y,bilaspur mandi sabji rate
&quot;बकरी का सस्ता बाजार&quot; शनिचरी बिलासपुर छ०ग०।&quot;Sasta Bakri Mandi&quot; Shanichari Bazar Bilaspur Cg 2024,2024-01-10,omprakash ausar,https://www.youtube.com/watch?v=-VlbFyFPa5c,bilaspur mandi sabji rate
Tifra Sabji Mandi Bilaspur | Wholesale Vegetable Market in Bilaspur| Traveling 2 day |,2023-12-16,Traveling 2 day,https://www.youtube.com/watch?v=7BNx1ek6OMA,bilaspur mandi sabji rate
#बिलासपुर #छत्तीसगढ़ #bilaspur #morning,2023-10-27,RAIPUR TO INDIA,https://www.youtube.com/watch?v=8blgVPAgI9E,bilaspur mandi sabji rate
#bilaspur #mandi,2023-10-20,harish rathore,https://www.youtube.com/watch?v=Z4GN4DdpdLc,bilaspur mandi sabji rate
बिलासपुर सब्जी मंडी छत्तीसगढ़🔥 Bilaspur sabji Mandi Chhattisgarh #viralvideo #trending #myfirstvlog,2023-10-14,LCK Babu,https://www.youtube.com/watch?v=iEAd9GMYg1o,bilaspur mandi sabji rate
आज दिल्ली की सब्जी मंडी में शिमला मिर्च का रेट 80 रुपए किलो 🍠🧄🧄🥥🪁💲🌞🥬🥑🍅🍠🧄🥝🥔🥔🪁🪁🌞🥬🥑🍅🍠🧄🥥🥥💲🌞🍅🍅🍠,2023-09-20,MODICARE SURBHI,https://www.youtube.com/watch?v=yXDHhqkw_wM,bhilai mandi sabji rate
देसी मुर्गी खरगोश बत्तख खरीदे वज़न पर जानें भाव शनिशरी बाज़ार बिलासपुर Desi murgi market price,2023-09-16,Chhattisgarh Goat Farm,https://www.youtube.com/watch?v=O7fNP9e0GJ4,bilaspur mandi sabji rate
सब्जी मंडी में टमाटर का रेट आज 30 रुपए किलो 🧅🥑🥝🧄🌞🌞🧿🧿💱🍅🧅🥑🥬🥝🥝🧄🌞,2023-09-06,SHILPA RANI 777,https://www.youtube.com/watch?v=6AtxG0kUIGI,bhilai mandi sabji rate
थोक सब्जी मंडी sabji mandi bilaspur chhattisgarh ❗ New video ❗2023,2023-09-01,PRAKASH BHAINA⭐,https://www.youtube.com/watch?v=RMyTgooUAV4,bilaspur mandi sabji rate
थोक फल मंडी wholesale fruit market Bilaspur Chhattisgarh 2023,2023-08-31,PRAKASH BHAINA⭐,https://www.youtube.com/watch?v=gyMTQdQZS9o,bilaspur mandi sabji rate
sabji mandi bilaspur chhattisgarh ❗ New video 2023 #sabjimandi #mandi #bilaspurcg,2023-08-30,PRAKASH BHAINA⭐,https://www.youtube.com/watch?v=rO1Z1Fp4lac,bilaspur mandi sabji rate
thok sabji mandi bilaspur chhattisgarh 2023❗New video,2023-08-28,PRAKASH BHAINA⭐,https://www.youtube.com/watch?v=7DvMYqiTPZ4,bilaspur mandi sabji rate
sabji Mandi Tifra bilaspur chhattisgarh ❗ New video 2023❗ फलों के भाव जाने,2023-08-27,PRAKASH BHAINA⭐,https://www.youtube.com/watch?v=c1T84tWBc9g,bilaspur mandi sabji rate
Bilaspur Mandi Bajar #aapke 👿😈,2023-08-26,Clasher,https://www.youtube.com/watch?v=452RNfqPwKI,bilaspur mandi sabji rate
sabji mandi bilaspur chhattisgarh ❗ New video ❗ 2023,2023-08-26,PRAKASH BHAINA⭐,https://www.youtube.com/watch?v=VlzJHR-iJGw,bilaspur mandi sabji rate
sabji mandi Tifra bilaspur cg ❗ New video 2023❗ सब्जियों के भाव जाने,2023-08-22,PRAKASH BHAINA⭐,https://www.youtube.com/watch?v=FWcMD2cw4E0,bilaspur mandi sabji rate
Bilaspur sabji mandi 🍅🌽🥕🥦🥒#shorts #trending #short,2023-08-21,Aryan_vlogs91,https://www.youtube.com/watch?v=TsqzTcqJ2vs,bilaspur mandi sabji rate
bilaspur sabji mandi block,2023-08-18,CG DILESH RAJPUT,https://www.youtube.com/watch?v=gEnNPzppXHM,bilaspur mandi sabji rate
थोक sabji mandi bilaspur chhattisgarh ❗ New video ❗#sabjimandi #bilaspurcg,2023-08-17,PRAKASH BHAINA⭐,https://www.youtube.com/watch?v=Rd4o4qNivC4,bilaspur mandi sabji rate
Sabji mandi Tifra bilaspur chhattisgarh ❗ New video 2023 ❗ जाने सब्जियों के भाव,2023-08-16,PRAKASH BHAINA⭐,https://www.youtube.com/watch?v=95btH-y-h0g,bilaspur mandi sabji rate
wholesale fruit market Bilaspur Chhattisgarh ❗New video ❗2023#sabjimandi #shorts,2023-08-14,PRAKASH BHAINA⭐,https://www.youtube.com/watch?v=9xmu-cqFIi4,bilaspur mandi sabji rate
sabji mandi Tifra bilaspur chhattisgarh ❗ New video 2023❗ भाव जाने सब्जियों के,2023-08-13,PRAKASH BHAINA⭐,https://www.youtube.com/watch?v=6aM8lI1yuMc,bilaspur mandi sabji rate
sabji mandi bhav bilaspur cg ❗भाव जाने ❗#sabjimandi #viral #mandi,2023-08-11,PRAKASH BHAINA⭐,https://www.youtube.com/watch?v=PJvoHdGthoI,bilaspur mandi sabji rate
"sabji mandi,Tifra,bilaspur chhattisgarh ❗ New video 2023❗ जाने सब्जियों के भाव",2023-08-11,PRAKASH BHAINA⭐,https://www.youtube.com/watch?v=S7qetLsTXgk,bilaspur mandi sabji rate
sabji mandi bilaspur Chhattisgarh ❗भाव जाने ❗#sabjimandi #shorts,2023-08-10,PRAKASH BHAINA⭐,https://www.youtube.com/watch?v=eagQsvREnyU,bilaspur mandi sabji rate
sabji mandi bilaspur chhattisgarh ❗New video 2023❗#trending #bilaspurcg #bilaspurcity,2023-08-07,PRAKASH BHAINA⭐,https://www.youtube.com/watch?v=KOi_wgGAyHQ,bilaspur mandi sabji rate
Sabji mandi Tifra bilaspur chhattisgarh ❗ सब्जियों के भाव जाने ❗New video 2023,2023-08-06,PRAKASH BHAINA⭐,https://www.youtube.com/watch?v=4QrKznuZ7yI,bilaspur mandi sabji rate
sabji mandi bilaspur chhattisgarh #trending #mandi 2023,2023-08-02,PRAKASH BHAINA⭐,https://www.youtube.com/watch?v=PwBZKIgN_dc,bilaspur mandi sabji rate
Sabji Mandi | आज की टॉप समाचार अपडेट | बी सी सी न्यूज़ बिलासपुर | देखना न भूलें,2023-08-01,BCC News,https://www.youtube.com/watch?v=osYsWJQISKk,bilaspur mandi sabji rate
wholesale fruit market bilaspur cg 2023छ.ग.#viral#market#shorts#mandi,2023-07-31,PRAKASH BHAINA⭐,https://www.youtube.com/watch?v=mDq5UoRwrbE,bilaspur mandi sabji rate
sabji mandi Tifra bilaspur chhattisgarh ❗ सब्जी मंडी भाव ❗ New video 2023❗,2023-07-30,PRAKASH BHAINA⭐,https://www.youtube.com/watch?v=vxQcpmCcw7M,bilaspur mandi sabji rate
Sabji mandi Tifra bilaspur chhattisgarh ❗ थोक जाने सब्जियों के भाव ❗ New video 2023,2023-07-28,PRAKASH BHAINA⭐,https://www.youtube.com/watch?v=0isLrl9J73I,bilaspur mandi sabji rate
sabji mandi bilaspur chhattisgarh ❗ New video 2023❗ सब्जियों के भाव जाने,2023-07-27,PRAKASH BHAINA⭐,https://www.youtube.com/watch?v=pNajJmHPFUM,bilaspur mandi sabji rate
sabji mandi bilaspur chhattisgarh ❗ भाव जाने ❗#viralvideo #short,2023-07-27,Bilaspur Bolta Hai,https://www.youtube.com/watch?v=d9iWXILiq44,bilaspur mandi sabji rate
सब्जी मंडी बिलासपुर ‼️भाव जाने ‼️छ.ग.2023#mandi#bilaspurcg,2023-07-26,PRAKASH BHAINA⭐,https://www.youtube.com/watch?v=Jv1jo2f7cYM,bilaspur mandi sabji rate
sabji mandi Tifra bilaspur chhattisgarh ❗ सब्जियों के भाव जाने थोक ‼️New video 2023 ‼️,2023-07-25,PRAKASH BHAINA⭐,https://www.youtube.com/watch?v=9oqzGj5lz0A,bilaspur mandi sabji rate
sabji mandi Tifra bilaspur chhattisgarh ‼️ थोक सब्जी मंडी बिलासपुर छ.ग.2023#shorts,2023-07-24,Bilaspur Bolta Hai,https://www.youtube.com/watch?v=jZYtOayoLPg,bilaspur mandi sabji rate
Sabji mandi Tifra Bilaspur Chhattisgarh ‼️ थोक सब्जी मंडी ‼️New video 2023,2023-07-23,PRAKASH BHAINA⭐,https://www.youtube.com/watch?v=gBvuPWeiC5k,bilaspur mandi sabji rate
Sabji mandi Tifra Bilaspur C.G.‼️ सब्जी के जाने भाव‼️New video 2023,2023-07-20,PRAKASH BHAINA⭐,https://www.youtube.com/watch?v=ec-sy9TvelE,bilaspur mandi sabji rate
बिलासपुर बकरा मण्डी सबसे सस्ता बाज़ार Goat market price,2023-07-15,Chhattisgarh Goat Farm,https://www.youtube.com/watch?v=qcUc73YDg_U,bilaspur mandi sabji rate
Local sabji Mandi Bilaspur.,2023-07-14,Dhairya Dongre ,https://www.youtube.com/watch?v=wQX10OXanpg,bilaspur mandi sabji rate
थोक व होलसेल मार्केट बिलासपुर छ.ग.‼️New short ‼️,2023-07-13,PRAKASH BHAINA⭐,https://www.youtube.com/watch?v=qQD1_JwYpI8,bilaspur mandi sabji rate
करेला रायपुर सब्जी मंडी डूमर तराई price...,2023-07-12,Mrbanjare vlog ,https://www.youtube.com/watch?v=nPitUf78-MA,bhilai mandi sabji rate
Bilaspur Tometo Rate #tamatar #टमाटर टमाटर क्यों हुआ आखिर इतना रेट बिलासपुर टमाटर भाव,2023-07-12,MK Creation 2.0M,https://www.youtube.com/watch?v=7YquhykKT7k,bilaspur mandi sabji rate
plastic itam सबसे सस्ता Bilaspur Chhattisgarh ‼️ New video 2023,2023-07-11,PRAKASH BHAINA⭐,https://www.youtube.com/watch?v=A_MC7AaXIz0,bilaspur mandi sabji rate
"टमाटर का बाजार भाव आज का | tomato rate today|टमाटर मंडी में क्या भाव है,टमाटर के भाव आज 2026",2023-06-29,Bazar Info India,https://www.youtube.com/watch?v=fh3LAaGbpx4,bilaspur mandi sabji rate
Bilaspur ka sabji Mandi. Itna mahnga hua sab 🔥#vegitablemarket #ashortaday #youtubeshorts #bsp,2023-06-22,Wandering with afreen ,https://www.youtube.com/watch?v=yn5Te6-w7BA,bilaspur mandi sabji rate
17 06 Bilaspur Mandi 2023 Bilaspur Mandi Bhav today Bilaspur fruit mandi rate today Aam ka bhav,2023-06-17,axe making ,https://www.youtube.com/watch?v=LcYYEbKKzIc,bilaspur mandi sabji rate
Raipur sabji mandi wholesale dumartarai Chhattisgarh ₹100,2023-06-09,Mrbanjare vlog ,https://www.youtube.com/watch?v=neYOf6RHJh0,durg mandi sabji rate
sabji Mandi supela bhilai || सब्जी मंडी सुपेला भिलाई || Bhilai ka sabse bada mandi,2023-06-04,Ravi With vlogs,https://www.youtube.com/watch?v=PIfh8T2SsWI,durg mandi sabji rate
दिल्ली की सब्जी मंडी में अरबी रेट 60 रूपये किलो  🍅🍑🥥🍠🌰🌰🍈🥔🧄🍒🥬🥬🥑🦘🍎🍎🥥🍍🍓🥝,2023-06-02,MODICARE SURBHI,https://www.youtube.com/watch?v=HQ4gYFefkpg,bhilai mandi sabji rate
अमरावती की सब्जी मंडी में आम 🥭🥭 mango का‌ रेट ‌50 रुपए किलो है 🥝🧅🥑🍅🥜🥜🍠🥥🧅🥭🍉🧄🥑,2023-05-29,SHILPA RANI 777,https://www.youtube.com/watch?v=G1Y6u5LmurI,bhilai mandi sabji rate
Bhilai ke famous power house market ❤️||#viral #shorts #short #mini,2023-05-24,CG Ravi VLOG,https://www.youtube.com/watch?v=m7i89ZFrTUk,bhilai mandi sabji rate
Bilaspur Tiphra sabji mandi May 2023 || Navabari,2023-05-24,Navabari,https://www.youtube.com/watch?v=ZmNFhuJNuT0,bilaspur mandi sabji rate
सब्जी मंडी में ताजा अरबी का रेट ₹40 किलो है🥥🍑🍑🧄🍉🥦🍠🌽🧅🍅🍍🥝🦘🥬🥑🥥,2023-05-22,SHILPA RANI 777,https://www.youtube.com/watch?v=em0iP4qN4fk,bhilai mandi sabji rate
wholesale कपड़ा market Bilaspur Chhattisgarh होलसेल रेट | New update video 2023,2023-05-10,PRAKASH BHAINA⭐,https://www.youtube.com/watch?v=xbO2uwf6n_Y,bilaspur mandi sabji rate
01 05 2023 Bilaspur fruit mandi bhav today | Bilaspur fal Mandi ki video tarbuj ke rate kya hai,2023-05-01,axe making ,https://www.youtube.com/watch?v=q-c6z3WnO60,bilaspur mandi sabji rate
SUPELA SABJI MANDI !! BHILAI MANDI !! CG KALAKAR VLOG !! CG VLOG (VLOG #52),2023-04-30,CG kalakar,https://www.youtube.com/watch?v=9xSfauSMhTg,bhilai mandi sabji rate
30 04 2023 Bilaspur sabji mandi bhav today | Bilaspur sabji Mandi ki video Bilaspur sabji mandi rate,2023-04-30,axe making ,https://www.youtube.com/watch?v=8S0x02rfYvc,bilaspur mandi sabji rate
rajnandgaon Chhattisgarh subji Mandi #mandi #market #vegitable#rajnandgaon #cgviral #cg #shortvideo,2023-04-19,Mohit verma vlog,https://www.youtube.com/watch?v=8G-Mauuby2E,bhilai mandi sabji rate
धमतरी सब्जी मंडी VS सड़क में तरबूज || धमतरी सब्जी मंडी रेट || @dipaksahufarming,2023-04-07,Dipak Sahu Farming,https://www.youtube.com/watch?v=2SHqvU9lFy8,bhilai mandi sabji rate
Bilaspur Pashu Bajar Rampur UP | Bilaspur pashu mandi | buffalo for sale,2023-03-25,KHEMPUR SERVICE,https://www.youtube.com/watch?v=bB7HRvcimV0,bilaspur mandi sabji rate
orange bilaspur 😋 #viral #shorts #short,2023-03-12,BABLU FOOD BLOGGERS,https://www.youtube.com/watch?v=l73Zwy6S7eU,bilaspur mandi sabji rate
11 03 Bilaspur Mandi 2023 Bilaspur Mandi Bhav today Bilaspur fruit mandi rate today Angur ka bhav,2023-03-11,axe making ,https://www.youtube.com/watch?v=MiANaBNCGI4,bilaspur mandi sabji rate
बिलासपुर सब्जी मंडी में सुबह सुबह टमाटर का भाव,2023-03-06,Warrior grow,https://www.youtube.com/watch?v=Akzg2ismP1E,bilaspur mandi sabji rate
wholesale market सभी थोक समान यहां मिलेंगे||Bilaspur cg||NEW VIDEO 2023,2023-03-02,Bilaspur Bolta Hai,https://www.youtube.com/watch?v=dnzMHd0ASoU,bilaspur mandi sabji rate
wholesale market यहाॅं सब कुछ मिलता है||Bilaspur c.g.2023 ||New video,2023-03-01,PRAKASH BHAINA⭐,https://www.youtube.com/watch?v=T5JCfwtoK60,bilaspur mandi sabji rate
BILASPUR RATANPUR CHHATTISGARH MANDI  #viral #ytshorts #vegitables #tomato #smile #freshvegetables,2023-03-01,knowledge anytime,https://www.youtube.com/watch?v=PGAZOnakpTs,bilaspur mandi sabji rate
25 2 Bilaspur Mandi 2023 Bilaspur Mandi Bhav today Bilaspur fruit mandi rate today Santra Bhav today,2023-02-25,axe making ,https://www.youtube.com/watch?v=MEMu2Z67bV0,bilaspur mandi sabji rate
22 02 2023 Bilaspur mandi rate today | bilaspur matar bhav today | Bilaspur Mandi matar Bhav today,2023-02-23,axe making ,https://www.youtube.com/watch?v=xcSsj3ijduY,bilaspur mandi sabji rate
सब्जी मंडी बिलासपुर 👳#farmerlife #ytshorts #viralvideo #khetibadi #sorts #shortvideo #youtubeshorts,2023-02-21,bsp Farmer,https://www.youtube.com/watch?v=aB8iYZDW6Tw,bilaspur mandi sabji rate
First Time I Am Visited Bilaspur City Vegetable Market With @hksonivlogs1485,2023-02-20,Chandu The Villager,https://www.youtube.com/watch?v=mweNo5FiRUg,bilaspur mandi sabji rate
19 02 Bilaspur Mandi 2023 Bilaspur Mandi Bhav today Bilaspur fruit mandi rate today kinnu ka bhav,2023-02-19,axe making ,https://www.youtube.com/watch?v=EaAhfYHdaq8,bilaspur mandi sabji rate
बिलासपुर मसान गंज सब्जी मार्केट | Bilaspur sabji market |local लोकल सब्जी market बिलासपुर छत्तीसगढ़,2023-02-04,Yadavkishan26,https://www.youtube.com/watch?v=n-O8QZk6z9M,bilaspur mandi sabji rate
"बिलासपुर की नवीन मंडी में मटर लाने वाले किसानों से सचिव ने की अपील,सुनिए उन्हीं की जुबानी",2023-01-30,SKP News uttarpradesh uttarakhand,https://www.youtube.com/watch?v=w7jgDYmblic,bilaspur mandi sabji rate
vypar vihar wholesale market Bilaspur cg 2023||new video,2023-01-24,PRAKASH BHAINA⭐,https://www.youtube.com/watch?v=WI6ztYinb60,bilaspur mandi sabji rate
तिफ़रा बिलासपुर सब्ज़ी मंडी सवेरे का समय,2023-01-19,vinod patel,https://www.youtube.com/watch?v=TTHJlNPX7D8,bilaspur mandi sabji rate
bilaspur chhattisgarh sabji Market tifara #bilaspur #2023,2023-01-18,Aagarmanik vlog,https://www.youtube.com/watch?v=ofvrXuSzCQw,bilaspur mandi sabji rate
कुरूद सब्जी मंडी रेट 100 रू क्रेट टमाटर || चना बूट बेचने गए || #kurud #सब्जी_mandi_bhav,2023-01-13,Dipak Sahu Farming,https://www.youtube.com/watch?v=gKJEYXB-ueA,bhilai mandi sabji rate
"Thela Design Manufacturing By Nand Thela Bilaspur, ठेला डिजाइन  Chhattisgarh 7879999904",2023-01-13,Nand Thela Chhattisgarh Number One Best Quality,https://www.youtube.com/watch?v=Zd5jq9VP0ZE,bilaspur mandi sabji rate
hemunagar sabji mandi bilaspur #shortsvideo,2022-12-26,Visible farm ,https://www.youtube.com/watch?v=qjQxV07QR_0,bilaspur mandi sabji rate
BILASPUR KHOWA MARKET 260KG AND MILKCAKE 150KG #wholsale_prices_market #bilaspur #shortsvideo,2022-12-17,Brijesh Yadav Vlogs,https://www.youtube.com/watch?v=sD-od6kw8kQ,bilaspur mandi sabji rate
Market Rush 😱 Sadar Bazaar #shorts #explore #bilaspur #chhattisgarh,2022-12-14,Home & Surroundings,https://www.youtube.com/watch?v=dMJ149SJQJs,bilaspur mandi sabji rate
दुर्ग का famous सब्जी बाजार || Durg Vegetable 🥦 Market || Different Types Of Vegetables,2022-12-07,Om and Vivaan Vlogs,https://www.youtube.com/watch?v=Qigrv686_OE,durg mandi sabji rate
Bilaspur Tiphra Sabji Mandi || Phal Dhaniya ki Boli ||@rohanmotovlogs6256,2022-11-27,Rohan moto vlogs,https://www.youtube.com/watch?v=x6aPrQH4UG0,bilaspur mandi sabji rate
cg bilaspur chhattisgarh sabji mandi tifhra,2022-11-27,Jitendra Rawat CG ,https://www.youtube.com/watch?v=PxBWP6PyVrM,bilaspur mandi sabji rate
bilaspur chhattisgarh sabji mandi tifhra,2022-11-25,Jitendra Rawat CG ,https://www.youtube.com/watch?v=loufaqeEKac,bilaspur mandi sabji rate
बिलासपुर की नवीन मंडी में धान खरीद में धांधली के आरोप में मंडी सहायक निलंबित#कार्रवाई,2022-11-08,SKP News uttarpradesh uttarakhand,https://www.youtube.com/watch?v=-6vh_JwUubw,bilaspur mandi sabji rate
Rampur शरबती धान खरीद में बिलासपुर की मण्डी अव्वल कई जिलों से आने लगे किसानो की भरमार Bkspeed News,2022-11-01,BKSPEED NEWS,https://www.youtube.com/watch?v=PYP2-u8ZiqA,bilaspur mandi sabji rate
भिलाई नाइट सब्जी मार्केट || Bhilai Night Sabji Market || #bhilai #sabjimarket #market #sabji,2022-10-29,BC vlogs,https://www.youtube.com/watch?v=6Gt8m_Rb7iM,bhilai mandi sabji rate
होलसेल रेट में कौन सा समान कहां मिलेगा||Bilaspur CG ||New video 2022||wholesale market bilaspur cg,2022-09-11,PRAKASH BHAINA⭐,https://www.youtube.com/watch?v=mUP7ntamI7k,bilaspur mandi sabji rate
बिलासपुर बकरा मंडी सबसे सस्ता बाजार। bilaspur bakra bazaar devchara Bareilly bakra bazaar,2022-08-20,🇮🇳 Sanju Bakra Mandi official,https://www.youtube.com/watch?v=8GgRsaBdecY,bilaspur mandi sabji rate
Tifra Bilaspur थोक  सब्जी मंडी तिफरा बिलासपुर  भारी बारिश में डूब गया मंडी बंद बिलासपुर  denjrs,2022-08-18,Rj dosti vlogs ,https://www.youtube.com/watch?v=-IyYYd38pgo,bilaspur mandi sabji rate
तिफरा सब्जी मंडी बिलासपुर  🥦🥬🌽🍅🍆,2022-07-30,Portable Vlogs,https://www.youtube.com/watch?v=1N4xb0XuLtw,bilaspur mandi sabji rate
Nagpura Sabji Market Durg नगपुरा बाजार दुर्ग || Mor Mitan Dilip,2022-07-09,Mor Mitan Dilip,https://www.youtube.com/watch?v=jw5h5dbLPnU,durg mandi sabji rate
Durg Sabji Market | So fresh Vegetables at half of rate,2022-06-05,Vishal Jogiya,https://www.youtube.com/watch?v=Hhp5ydXSb-o,durg mandi sabji rate
धमधा मंडी से Live कौन से सब्जी का कितना रेट चल रहा हैं किसका है बुरा हाल | आज का ताजा | Mandi khabar,2022-04-09,Yuva kisan,https://www.youtube.com/watch?v=QTwIlzwcW-g,bhilai mandi sabji rate
